3.704267442226409912e-01,6.026963591575622559e-01,-2.733944952487945557e-01,-2.898773908615112305e+00,-1.241712644696235657e-01,1.936654210090637207e+00,-8.719074726104736328e-01,1.317006349563598633e+00,-1.374796152114868164e+00,1.426789760589599609e+00,-5.289944410324096680e-01,-1.854354701936244965e-02,2.827283740043640137e-01,-7.657313942909240723e-01,-1.374941110610961914e+00,-6.953107118606567383e-01,9.393103122711181641e-01,2.900681734085083008e+00,6.131884455680847168e-02,-6.203057765960693359e-01,3.911767005920410156e+00,1.181371450424194336e+00,-1.428500711917877197e-01,1.913475394248962402e+00,5.175080895423889160e-02,-6.564819812774658203e-01,-1.589854806661605835e-01,-2.973874568939208984e+00,-4.739902913570404053e-01,8.504981994628906250e-01,3.228836357593536377e-01,5.221326947212219238e-01,-7.499241232872009277e-01,-7.624144554138183594e-01,-6.084165573120117188e-01,-1.184104561805725098e+00,4.156961292028427124e-02,3.082501173019409180e+00,-3.577653467655181885e-01,-5.483837127685546875e-01,-1.906105577945709229e-01,-3.838747739791870117e-01,3.728980720043182373e-01,-7.659083008766174316e-01,-1.736834645271301270e+00,-1.105910181999206543e+00,2.205470323562622070e+00,3.644336760044097900e-02,-3.039076328277587891e-01,-2.053688466548919678e-01,8.411101698875427246e-01,1.783403754234313965e+00,8.460929393768310547e-01,-4.828939586877822876e-02,1.527628183364868164e+00,1.365961670875549316e+00,4.010367989540100098e-01,-1.958780363202095032e-02,-9.710283875465393066e-01,3.174864500761032104e-02,7.777243852615356445e-01,-3.835403621196746826e-01,-2.284325361251831055e+00,1.682542204856872559e+00,4.943721592426300049e-01,-2.243331521749496460e-01,2.370250523090362549e-01,-3.890352547168731689e-01,9.967722892761230469e-01,1.401795268058776855e+00,-3.998689651489257812e-01,-3.368217706680297852e+00,9.243982844054698944e-03,1.045124888420104980e+00,1.389119029045104980e+00,8.308975696563720703e-01,2.276865005493164062e+00,7.243345677852630615e-02,2.417556524276733398e+00,-1.308024525642395020e+00,-6.153609156608581543e-01,6.435592174530029297e-01,1.090576052665710449e+00,-1.390535116195678711e+00,-7.110348939895629883e-01,6.429911851882934570e-01,-2.048995733261108398e+00,-3.736208677291870117e-01,-8.657866120338439941e-01,-4.162143766880035400e-01,3.004257678985595703e-01,7.076977491378784180e-01,5.159833431243896484e-01,-1.802761077880859375e+00,-1.551364898681640625e+00,-1.584241032600402832e+00,-2.856185659766197205e-03,9.961453825235366821e-02,-1.700071334838867188e+00,-1.040392994880676270e+00,2.734590291976928711e+00,1.424727439880371094e+00,-1.053946137428283691e+00,1.032856777310371399e-01,-9.125829935073852539e-01,6.858571767807006836e-01,-1.588124632835388184e+00,-3.255650758743286133e+00,4.398997128009796143e-01,1.657923936843872070e+00,-1.401572465896606445e+00,-1.057307124137878418e-01,2.117155790328979492e-01,2.933860421180725098e-01,3.988667726516723633e-01,-8.117238283157348633e-01,6.410694718360900879e-01,-3.134870529174804688e-01,5.008717775344848633e-01,-7.575117796659469604e-02,-7.477056384086608887e-01,1.209831476211547852e+00,-7.663668990135192871e-01,1.308377742767333984e+00,-3.765700340270996094e+00,-1.484883189201354980e+00,9.018322825431823730e-01,-4.195936769247055054e-02
-3.074610948562622070e+00,-2.959899902343750000e+00,2.163453847169876099e-01,6.118687987327575684e-01,-1.502716660499572754e+00,-6.346654146909713745e-02,1.348571479320526123e-01,1.052204012870788574e+00,3.476755917072296143e-01,-2.427254676818847656e+00,-8.889432251453399658e-02,9.632490873336791992e-01,-2.542264461517333984e-01,2.133227825164794922e+00,1.744711399078369141e+00,-1.121671676635742188e+00,-2.674778699874877930e-01,-3.979629278182983398e-01,1.764955997467041016e+00,-6.572838425636291504e-01,-4.326475262641906738e-01,-1.581447005271911621e+00,-2.400109022855758667e-01,-7.159633636474609375e-01,-4.674371182918548584e-01,4.982606172561645508e-01,1.083257794380187988e+00,-9.734268784523010254e-01,-2.067744880914688110e-01,-7.611102461814880371e-01,-8.518134951591491699e-01,-6.629490852355957031e-01,-6.607953906059265137e-01,2.108841419219970703e+00,3.705180585384368896e-01,3.847664296627044678e-01,5.359412431716918945e-01,1.723750829696655273e-01,-7.103479504585266113e-01,-7.337294518947601318e-02,-3.566893041133880615e-01,5.881982445716857910e-01,1.223754808306694031e-01,1.436441421508789062e+00,1.072190329432487488e-01,-9.548210352659225464e-02,-1.699484139680862427e-01,-3.935942947864532471e-01,-1.890782952308654785e+00,2.975019812583923340e-01,-7.439491152763366699e-02,-1.140052318572998047e+00,-3.873043134808540344e-02,-1.057079195976257324e+00,1.797319173812866211e+00,7.736734747886657715e-01,-5.781573057174682617e-01,-8.786953687667846680e-01,-5.197687745094299316e-01,2.082779854536056519e-01,1.412203550338745117e+00,2.820741415023803711e+00,-6.790428757667541504e-01,1.610484123229980469e+00,-9.939036369323730469e-01,1.888095587491989136e-01,-2.616995275020599365e-01,5.135947465896606445e-01,-3.557336330413818359e-01,1.973001360893249512e+00,-9.538765996694564819e-02,1.083281874656677246e+00,8.524309098720550537e-02,-1.068695113062858582e-01,-2.188019275665283203e+00,-5.610928535461425781e-01,-1.764418363571166992e+00,-5.563887357711791992e-01,-6.752195954322814941e-01,9.090265035629272461e-01,2.735399484634399414e+00,1.222072124481201172e+00,-4.676621034741401672e-02,-3.139896690845489502e-01,7.135458588600158691e-01,-6.664662957191467285e-01,8.692378997802734375e-01,1.488206148147583008e+00,-7.719882130622863770e-01,-8.534022569656372070e-01,2.602038383483886719e+00,-2.754001021385192871e-01,-1.162438392639160156e+00,4.297099709510803223e-01,-8.701023459434509277e-01,-8.495404720306396484e-01,1.552909612655639648e+00,-1.765771210193634033e-01,8.335852026939392090e-01,-8.084661960601806641e-01,9.716147780418395996e-01,-7.529755234718322754e-01,-9.892926812171936035e-01,-1.080448254942893982e-01,2.338316917419433594e+00,2.175531864166259766e+00,8.975815773010253906e-01,-2.183127403259277344e+00,-1.097758635878562927e-01,-1.967387199401855469e+00,-3.378460407257080078e-01,2.587517261505126953e+00,1.771695256233215332e+00,9.757781028747558594e-01,7.222813963890075684e-01,-1.940938949584960938e+00,7.545354366302490234e-01,-1.261093258857727051e+00,1.543070971965789795e-01,-1.857627391815185547e+00,-3.121370315551757812e+00,-2.226317405700683594e+00,-9.649351835250854492e-01,3.480092287063598633e-01,4.444588720798492432e-01,1.108780056238174438e-01,4.353078007698059082e-01,5.983573198318481445e-02
-3.782518208026885986e-01,-2.870066463947296143e-01,4.513179138302803040e-02,2.726095616817474365e-01,-1.481388092041015625e+00,6.669011116027832031e-01,-6.563200056552886963e-02,8.964211940765380859e-01,2.709457397460937500e+00,5.349324345588684082e-01,-2.718342840671539307e-01,8.673502802848815918e-01,5.671226382255554199e-01,-8.039064407348632812e-01,-5.902162790298461914e-01,1.028743863105773926e+00,4.023012816905975342e-01,-5.062090754508972168e-01,-2.063863873481750488e-01,-2.808892250061035156e+00,1.739543676376342773e-01,3.102462552487850189e-02,-7.372771203517913818e-02,3.352448701858520508e+00,-1.883930087089538574e+00,1.021613702178001404e-01,5.682007670402526855e-01,3.401450812816619873e-01,5.975879728794097900e-03,-4.185796976089477539e-01,6.140612959861755371e-01,9.407567381858825684e-01,6.637759208679199219e-01,6.797369122505187988e-01,2.476397454738616943e-01,-9.746522307395935059e-01,-8.871354460716247559e-01,-7.646723389625549316e-01,-6.131142973899841309e-01,-1.703762292861938477e+00,3.192270278930664062e+00,-6.727842986583709717e-02,1.614660978317260742e+00,1.680617809295654297e+00,6.260506510734558105e-01,-3.416695117950439453e+00,-1.920577049255371094e+00,-3.576563596725463867e-01,1.646597623825073242e+00,-8.610430359840393066e-01,7.799472212791442871e-01,-1.272996783256530762e+00,-2.552918672561645508e+00,-2.082929015159606934e-01,-3.622873306274414062e+00,-1.941763907670974731e-01,4.178882837295532227e-01,3.410395979881286621e-01,1.337639093399047852e+00,-4.719358086585998535e-01,-1.370744109153747559e+00,1.062229394912719727e+00,-1.014528036117553711e+00,-2.605705261230468750e-01,4.411004483699798584e-01,1.933159492909908295e-02,-1.039909958839416504e+00,3.013499379158020020e-01,2.109688997268676758e+00,4.038434326648712158e-01,1.240829825401306152e+00,-8.289409875869750977e-01,5.224740505218505859e-01,-2.558341026306152344e-01,-3.972960472106933594e+00,-2.482470512390136719e+00,-1.294160336256027222e-01,2.497795581817626953e+00,-2.865000009536743164e+00,-1.128940582275390625e+00,-6.056236028671264648e-01,9.639217257499694824e-01,2.143247365951538086e+00,-4.358277842402458191e-02,4.116342365741729736e-01,-1.089879035949707031e+00,6.766274571418762207e-01,4.591362476348876953e-01,-8.531458973884582520e-01,3.665404558181762695e+00,7.195390760898590088e-02,-1.663790345191955566e-01,2.849448323249816895e-01,4.082571566104888916e-01,7.082093954086303711e-01,1.851042956113815308e-01,-8.663569688796997070e-01,3.456115424633026123e-01,1.089942693710327148e+00,1.201268911361694336e+00,-4.571729004383087158e-01,-3.201797977089881897e-02,-2.456299304962158203e+00,8.271808624267578125e-01,1.536875814199447632e-01,-8.276629447937011719e-01,3.669593632221221924e-01,4.643656909465789795e-01,-1.612564027309417725e-01,1.057486981153488159e-01,7.466190457344055176e-01,-4.960550665855407715e-01,-4.065772593021392822e-01,2.308094352483749390e-01,9.038689136505126953e-01,2.033560037612915039e+00,-1.728198677301406860e-01,-1.289674043655395508e+00,2.593815028667449951e-01,3.444480299949645996e-01,-5.803386569023132324e-01,7.026382088661193848e-01,3.166360855102539062e-01,3.707905411720275879e-01,8.846825957298278809e-01,-3.009508371353149414e+00,-9.253002703189849854e-02,2.107122182846069336e+00
-1.508737206459045410e-01,1.402642846107482910e+00,2.227988958358764648e+00,1.455805301666259766e+00,3.765505254268646240e-01,9.338136911392211914e-01,-3.546316027641296387e-01,-2.884521186351776123e-01,5.072183012962341309e-01,-4.353784918785095215e-01,-4.088277518749237061e-01,1.523545980453491211e+00,-1.146363854408264160e+00,1.015318632125854492e+00,3.430166840553283691e-01,1.578254938125610352e+00,-7.805405259132385254e-01,1.133758425712585449e+00,-3.122757673263549805e-01,1.136138319969177246e+00,1.321398615837097168e+00,-9.542980790138244629e-01,2.271324992179870605e-01,7.593745589256286621e-01,6.317157745361328125e-01,3.255813598632812500e+00,4.648981690406799316e-01,6.575263142585754395e-01,-3.708053231239318848e-01,1.250928640365600586e-01,-3.276919573545455933e-02,-1.386745423078536987e-01,4.539822638034820557e-01,1.660967320203781128e-01,1.135976985096931458e-01,1.323614239692687988e+00,1.347163677215576172e+00,-2.168722599744796753e-01,1.508967638015747070e+00,-3.486354053020477295e-01,-5.675795674324035645e-01,-4.251140952110290527e-01,-1.281773924827575684e+00,-1.476320743560791016e+00,1.412809848785400391e+00,-1.595741152763366699e+00,-1.444264054298400879e+00,-1.710274666547775269e-01,-2.668310403823852539e-01,1.153732538223266602e+00,2.409841716289520264e-01,-9.050354361534118652e-03,1.817380070686340332e+00,-5.381991863250732422e-01,9.421647787094116211e-01,-5.235369205474853516e-01,7.409031987190246582e-01,-2.389391422271728516e+00,1.189249038696289062e+00,1.956711262464523315e-01,2.124612092971801758e+00,2.516162157058715820e+00,-1.301041364669799805e+00,1.169139370322227478e-01,1.055179476737976074e+00,1.319079399108886719e-01,-5.746614336967468262e-01,3.863698244094848633e-01,1.167592287063598633e+00,3.240971863269805908e-01,-1.506523251533508301e+00,7.064964771270751953e-01,-8.764731884002685547e-02,8.567956686019897461e-01,5.657755136489868164e-01,-1.874531269073486328e+00,-8.317986130714416504e-01,-8.844414949417114258e-01,-5.183079242706298828e-01,-3.457008302211761475e-01,-4.981717467308044434e-02,2.929908514022827148e+00,-5.737032294273376465e-01,3.834345638751983643e-01,-1.844296336174011230e+00,1.520236492156982422e+00,1.548289973288774490e-02,4.611477851867675781e+00,-1.358550041913986206e-01,-9.533435106277465820e-01,1.667420938611030579e-02,-6.593499779701232910e-01,9.542874097824096680e-01,7.643863558769226074e-01,2.842223942279815674e-01,-1.603531539440155029e-01,2.975395917892456055e+00,-5.327768325805664062e-01,-6.197193861007690430e-01,2.112230360507965088e-01,-5.941519141197204590e-01,1.097794100642204285e-01,1.403013229370117188e+00,1.146658301353454590e+00,1.322993755340576172e+00,1.185491085052490234e-01,-8.242046236991882324e-01,-2.286731958389282227e+00,5.319333821535110474e-02,-2.252224206924438477e+00,-2.334361076354980469e-01,5.271998643875122070e-01,2.852845788002014160e-01,-2.299491167068481445e+00,1.349719315767288208e-01,2.110340833663940430e+00,4.864635765552520752e-01,2.236315965652465820e+00,3.312751293182373047e+00,-6.055895686149597168e-01,-2.136730700731277466e-01,-1.200735807418823242e+00,5.384871959686279297e-01,-9.588349610567092896e-03,3.322695568203926086e-02,-1.359508752822875977e+00,2.506092786788940430e+00,4.712767153978347778e-02
-1.685738205909729004e+00,-2.271688431501388550e-01,-4.781445264816284180e-01,-3.114670217037200928e-01,-1.085616350173950195e-01,-1.374875307083129883e-01,8.805189728736877441e-01,1.981744885444641113e+00,5.077334865927696228e-02,-1.130315382033586502e-02,7.827883362770080566e-01,-1.364682435989379883e+00,6.249862909317016602e-01,-1.484465718269348145e+00,1.595566272735595703e+00,-6.372588872909545898e-01,-3.093558549880981445e-01,-9.199994206428527832e-01,1.699253797531127930e+00,2.463677644729614258e+00,-2.017234079539775848e-02,-8.937373757362365723e-01,4.648453593254089355e-01,-5.710166692733764648e-01,6.823893189430236816e-01,-2.558225691318511963e-01,-7.831806540489196777e-01,-3.771542608737945557e-01,-7.222744226455688477e-01,7.398143410682678223e-02,-9.197954535484313965e-01,-2.237293958663940430e+00,-5.031851530075073242e-01,-8.230631351470947266e-01,-1.502272367477416992e+00,-6.296471953392028809e-01,1.034084916114807129e+00,2.066371202468872070e+00,-1.070367455482482910e+00,-4.826352119445800781e+00,2.494168281555175781e+00,-1.161035299301147461e+00,1.300006628036499023e+00,4.070200324058532715e-01,-8.843779563903808594e-01,2.221006900072097778e-01,1.111094474792480469e+00,7.888060212135314941e-01,-6.429638713598251343e-02,1.536718457937240601e-01,-2.044332981109619141e+00,1.885216951370239258e+00,-1.511244773864746094e+00,-1.008949875831604004e+00,2.236549556255340576e-01,6.060751155018806458e-02,-5.206586122512817383e-01,7.518043518066406250e-01,1.248796820640563965e+00,-4.562383592128753662e-01,1.430218070745468140e-01,-3.071578264236450195e+00,-1.906442403793334961e+00,1.624913573265075684e+00,-7.540140151977539062e-01,-1.147934675216674805e+00,9.686962962150573730e-01,-1.157734394073486328e+00,1.163760662078857422e+00,-1.164241671562194824e+00,-1.060984849929809570e+00,2.492954879999160767e-01,-3.698986768722534180e-01,5.618432760238647461e-01,-9.829512834548950195e-01,7.114905118942260742e-01,8.645653724670410156e-01,1.971682906150817871e+00,2.314138114452362061e-01,-9.049739241600036621e-01,-8.354154825210571289e-01,3.844502195715904236e-02,-1.651421934366226196e-01,-5.999950766563415527e-01,-3.514902293682098389e-01,1.005982518196105957e+00,2.453774929046630859e+00,2.388771772384643555e+00,-2.380023717880249023e+00,-3.942737281322479248e-01,-4.940967857837677002e-01,1.015460491180419922e+00,-9.516198635101318359e-01,-9.142876416444778442e-02,3.385863304138183594e-01,2.386264353990554810e-01,-1.109468698501586914e+00,-2.347945928573608398e+00,-1.638892292976379395e-01,-4.569881558418273926e-01,1.858790516853332520e+00,-1.159418106079101562e+00,1.652732491493225098e+00,1.033576488494873047e+00,-1.093679308891296387e+00,1.205925703048706055e+00,2.958160638809204102e-01,8.043787479400634766e-01,-1.251206278800964355e+00,9.228091239929199219e-01,5.635966062545776367e-01,-1.258912920951843262e+00,-7.160994410514831543e-01,-3.822919845581054688e+00,8.594679832458496094e-02,-7.921019196510314941e-02,-1.333069682121276855e+00,-5.042201876640319824e-01,2.364846915006637573e-01,-2.083046436309814453e-01,5.104882121086120605e-01,2.818308174610137939e-01,-1.348509937524795532e-01,-2.073994129896163940e-01,-3.346464633941650391e-01,-1.207630038261413574e+00,-1.429795384407043457e+00,7.721222043037414551e-01
-8.548367619514465332e-01,-1.682085752487182617e+00,-5.501377582550048828e-01,-2.230242729187011719e+00,-1.356917738914489746e+00,-6.408541798591613770e-01,-9.265949577093124390e-02,3.523289203643798828e+00,7.328389286994934082e-01,-1.782490015029907227e+00,2.195881307125091553e-01,3.396822214126586914e-01,-1.923374682664871216e-01,-6.511351466178894043e-01,-3.214498281478881836e+00,-1.846372961997985840e+00,1.578923344612121582e+00,1.382724165916442871e+00,-8.373928070068359375e-01,2.047618389129638672e+00,-1.865971982479095459e-01,-2.627298831939697266e+00,-1.523276209831237793e+00,-7.685552537441253662e-02,-5.512139797210693359e-01,-1.596126198768615723e+00,-1.907939553260803223e+00,2.571956813335418701e-01,-1.698796153068542480e-01,1.791100382804870605e+00,-7.458076477050781250e-01,-7.576353549957275391e-01,2.429329633712768555e+00,2.960348129272460938e+00,7.007641196250915527e-01,1.739759683609008789e+00,-8.851758837699890137e-01,-5.035012364387512207e-01,1.850568890571594238e+00,1.556134939193725586e+00,-2.596796154975891113e-01,-4.044072628021240234e+00,-1.664748430252075195e+00,7.737616300582885742e-01,5.954861640930175781e-01,9.467058181762695312e-01,-5.063759684562683105e-01,-2.086320877075195312e+00,7.824178934097290039e-01,7.606711387634277344e-01,-3.518359065055847168e-01,-1.039741635322570801e+00,1.498576402664184570e+00,-2.680602855980396271e-02,-3.276616811752319336e+00,-2.115678191184997559e-01,-1.401139140129089355e+00,-3.315907478332519531e+00,-1.296283364295959473e+00,1.503981947898864746e+00,2.055231094360351562e+00,2.504754304885864258e+00,-1.233765244483947754e+00,-1.110089421272277832e+00,-1.802755594253540039e-01,9.491460919380187988e-01,2.348026037216186523e+00,8.450532555580139160e-01,-4.827128648757934570e-01,1.294689536094665527e+00,-1.836328864097595215e+00,1.004168629646301270e+00,-1.564426302909851074e+00,-2.229710578918457031e+00,-9.524584561586380005e-02,-4.044422507286071777e-01,9.903411269187927246e-01,5.846832394599914551e-01,-5.438367128372192383e-01,-2.148838900029659271e-02,3.025712251663208008e+00,-2.173815250396728516e+00,-6.918632984161376953e-01,-1.338847994804382324e+00,-1.147175669670104980e+00,2.613396644592285156e-01,1.065528988838195801e+00,2.341853380203247070e+00,6.567332148551940918e-01,2.170857191085815430e+00,1.629037141799926758e+00,9.832676053047180176e-01,-7.200718522071838379e-01,4.005372524261474609e-01,-3.612991809844970703e+00,1.246503114700317383e+00,8.756588101387023926e-01,1.538885235786437988e+00,1.442700624465942383e+00,-2.977817058563232422e+00,-7.158631086349487305e-01,-1.194515109062194824e+00,-9.796588420867919922e-01,-7.614625692367553711e-01,1.082688689231872559e+00,3.071235306560993195e-02,1.215421080589294434e+00,-7.521287202835083008e-01,-1.034665226936340332e+00,-4.473477005958557129e-01,-2.659679174423217773e+00,9.530534148216247559e-01,1.135068416595458984e+00,3.871873915195465088e-01,8.361378684639930725e-03,-1.178922176361083984e+00,-1.969067335128784180e+00,2.700432062149047852e+00,-3.595020473003387451e-01,-2.887956500053405762e-01,-1.137964078225195408e-03,4.962502419948577881e-01,3.974176943302154541e-01,2.981889545917510986e-01,5.043108463287353516e-01,-2.786386311054229736e-01,1.377148032188415527e+00,2.392102330923080444e-01
-2.981970071792602539e+00,1.751222312450408936e-01,3.982934355735778809e-01,2.124844118952751160e-02,-4.685977101325988770e-01,1.702751398086547852e+00,-1.019100844860076904e-02,-9.358364343643188477e-01,1.227138400077819824e+00,-1.627063989639282227e+00,1.203268095850944519e-01,-7.106579542160034180e-01,4.484087526798248291e-01,7.329072952270507812e-01,4.433353617787361145e-02,-1.543220043182373047e+00,-2.336231708526611328e+00,-1.454651355743408203e+00,7.199916243553161621e-01,-3.913278579711914062e-01,6.669250130653381348e-01,1.215476989746093750e+00,1.229395046830177307e-01,-2.094965055584907532e-02,-5.439569354057312012e-01,1.752964258193969727e-01,-1.485230445861816406e+00,-3.335199356079101562e+00,-3.821217298507690430e+00,1.674671173095703125e+00,-1.123401522636413574e+00,3.111387789249420166e-01,-1.008647322654724121e+00,1.499809771776199341e-01,9.596015810966491699e-01,1.432828426361083984e+00,-1.840038299560546875e-01,2.101587653160095215e-01,3.598775625228881836e+00,-5.233966827392578125e+00,-2.535491228103637695e+00,2.524716615676879883e+00,7.542684078216552734e-01,-1.100333094596862793e+00,-1.360044479370117188e-01,-6.725145876407623291e-02,-2.302266597747802734e+00,1.879757404327392578e+00,3.693875074386596680e-01,1.568493723869323730e+00,-1.806074619293212891e+00,1.043141007423400879e+00,-8.663709759712219238e-01,-1.284525871276855469e+00,-5.618845112621784210e-03,-4.688397049903869629e-01,6.065275669097900391e-01,-6.704091429710388184e-01,-5.153461694717407227e-01,-1.924183011054992676e+00,-8.327074348926544189e-02,1.824617981910705566e+00,9.912315011024475098e-02,-3.512099087238311768e-01,-1.054185032844543457e+00,1.228288650512695312e+00,-2.526743888854980469e+00,3.494650125503540039e-01,-5.870152115821838379e-01,8.606362342834472656e-01,-6.614893674850463867e-01,-1.038813471794128418e+00,1.647737264633178711e+00,8.955222368240356445e-01,-3.192707061767578125e+00,-5.227411389350891113e-01,1.268729567527770996e+00,-8.118169903755187988e-01,-2.135671377182006836e+00,1.046692967414855957e+00,3.069970130920410156e+00,1.875372767448425293e+00,4.597322046756744385e-01,-1.445205360651016235e-01,-7.258117198944091797e-01,1.003760457038879395e+00,1.655241101980209351e-01,-1.082546949386596680e+00,3.915013074874877930e-01,-8.660811781883239746e-01,3.222215414047241211e+00,-5.463522076606750488e-01,1.081107631325721741e-01,1.509332805871963501e-01,1.968197077512741089e-01,-1.615424394607543945e+00,6.302852630615234375e-01,5.485869646072387695e-01,-2.695561349391937256e-01,6.658521294593811035e-01,1.753216624259948730e+00,-1.333122611045837402e+00,-1.920346170663833618e-01,-7.368481159210205078e-01,6.677166819572448730e-01,-7.960953712463378906e-01,7.100510001182556152e-01,-1.196720838546752930e+00,1.783615909516811371e-02,-1.662537455558776855e-01,3.275098204612731934e-01,-3.539475500583648682e-01,-2.804091200232505798e-02,-2.735941410064697266e-01,6.422438621520996094e-01,1.757311463356018066e+00,1.687550842761993408e-01,5.236755609512329102e-01,-2.719174027442932129e-01,1.346425175666809082e+00,-2.203045338392257690e-01,4.937909841537475586e-01,-1.373021602630615234e-01,1.732109546661376953e+00,-4.704647511243820190e-02,-2.331518888473510742e+00,2.526515722274780273e+00,-6.974483132362365723e-01
-9.094120264053344727e-01,4.115577936172485352e-01,-1.322232633829116821e-01,-1.869195818901062012e+00,1.147112846374511719e+00,8.511956334114074707e-01,1.845142126083374023e+00,3.908839702606201172e+00,5.160415768623352051e-01,-4.461076259613037109e-01,-8.586320877075195312e-01,-2.558710426092147827e-02,8.932631611824035645e-01,7.218553870916366577e-02,1.873492956161499023e+00,3.199363127350807190e-02,1.349341422319412231e-01,1.416757583618164062e+00,8.495010733604431152e-01,2.667294070124626160e-02,-6.813219189643859863e-01,-7.674332857131958008e-01,1.102521777153015137e+00,1.209969758987426758e+00,3.435398936271667480e-01,-3.638170957565307617e+00,-1.149555087089538574e+00,-2.320755720138549805e+00,4.043502211570739746e-01,-1.791864395141601562e+00,9.902604222297668457e-01,2.543633282184600830e-01,1.252311229705810547e+00,3.642493188381195068e-01,7.668300271034240723e-01,5.404686331748962402e-01,-2.146079301834106445e+00,-1.958809494972229004e+00,3.659086942672729492e+00,-2.808309160172939301e-02,2.236535310745239258e+00,-9.147238731384277344e-01,2.106015920639038086e+00,-5.287665724754333496e-01,-1.940330743789672852e+00,-2.422897100448608398e+00,-1.067782282829284668e+00,6.475607752799987793e-01,-1.110520243644714355e+00,-6.571105867624282837e-02,6.297464966773986816e-01,-4.723765552043914795e-01,2.910417020320892334e-01,-7.445369958877563477e-01,1.308604478836059570e-01,2.134904563426971436e-01,-2.530951797962188721e-01,1.091488242149353027e+00,-1.046480059623718262e+00,2.960608959197998047e+00,2.477343320846557617e+00,-5.458765625953674316e-01,2.042614072561264038e-01,-1.177950277924537659e-01,-1.029263257980346680e+00,-9.077185988426208496e-01,4.449610412120819092e-01,1.466257572174072266e+00,-9.999235272407531738e-01,-6.340071558952331543e-01,6.279401779174804688e-01,2.282643467187881470e-01,1.034113019704818726e-01,5.338478088378906250e-01,1.501591056585311890e-01,6.036762595176696777e-01,-8.412754535675048828e-01,2.792541503906250000e+00,-2.755923271179199219e-01,-2.515799403190612793e-01,4.568545222282409668e-01,1.815885305404663086e+00,-1.132848858833312988e+00,2.472489118576049805e+00,-4.452740848064422607e-01,6.167485713958740234e-01,-2.626253664493560791e-01,3.656568825244903564e-01,1.426057219505310059e+00,6.896219253540039062e-01,9.826917946338653564e-02,4.860605001449584961e-01,-2.134839743375778198e-01,8.078064918518066406e-01,-3.987360298633575439e-01,-5.679312944412231445e-01,2.617672920227050781e+00,3.659845590591430664e-01,8.064305782318115234e-01,3.518069505691528320e+00,-4.814684987068176270e-01,-1.290617585182189941e+00,1.332041621208190918e-02,3.778209984302520752e-01,-3.937295079231262207e-01,6.917952299118041992e-01,-2.161917448043823242e+00,3.548876345157623291e-01,6.417765617370605469e-01,-7.858303785324096680e-01,6.281843036413192749e-02,-6.615402698516845703e-01,-6.910287588834762573e-02,-4.559010565280914307e-01,2.030222117900848389e-01,-5.053040385246276855e-01,2.583732008934020996e-01,8.830964565277099609e-01,-4.638076126575469971e-01,2.343526110053062439e-02,-5.002375245094299316e-01,9.013664722442626953e-01,-8.851644396781921387e-01,-1.766006827354431152e+00,7.399855256080627441e-01,3.892876207828521729e-01,1.430551290512084961e+00,-7.649923115968704224e-02
7.793096899986267090e-01,-8.027060627937316895e-01,-1.327650070190429688e+00,6.175611168146133423e-02,-8.874622583389282227e-01,1.162638545036315918e+00,1.231370046734809875e-01,-8.360897302627563477e-01,-1.343519210815429688e+00,-1.120585873723030090e-01,1.183621168136596680e+00,1.626895368099212646e-02,4.150903820991516113e-01,-1.230051755905151367e+00,1.434438675642013550e-01,1.137401342391967773e+00,7.586296200752258301e-01,1.580918550491333008e+00,-8.269285559654235840e-01,5.514587089419364929e-02,1.338942170143127441e+00,7.614335417747497559e-01,1.713891625404357910e+00,-3.109784424304962158e-01,-2.455444335937500000e+00,1.998991966247558594e+00,2.194134332239627838e-02,-5.176421403884887695e-01,1.350553035736083984e+00,1.708693265914916992e+00,-2.110585451126098633e+00,-1.137321829795837402e+00,1.151928067207336426e+00,-7.766798734664916992e-01,6.652128696441650391e-01,-2.254464864730834961e+00,-1.891862899065017700e-01,2.321467161178588867e+00,-1.893966495990753174e-01,9.736403226852416992e-01,1.019338130950927734e+00,2.997557818889617920e-01,-8.097618222236633301e-01,-1.917492866516113281e+00,-5.275287479162216187e-02,2.624520659446716309e-01,1.945165634155273438e+00,3.878442645072937012e-01,7.596846818923950195e-01,-1.451343059539794922e+00,9.079905152320861816e-01,-1.669316738843917847e-02,-1.029910802841186523e+00,-9.502655863761901855e-01,2.225607633590698242e+00,6.441439986228942871e-01,-6.107968091964721680e-01,-1.937714219093322754e-01,1.029659867286682129e+00,1.169711589813232422e+00,5.603373646736145020e-01,-1.934036910533905029e-01,8.391989469528198242e-01,-3.808238208293914795e-01,7.160872966051101685e-02,-1.675255417823791504e+00,3.059222698211669922e-01,-9.467378258705139160e-02,-3.304995000362396240e-01,1.585097312927246094e+00,-1.135932326316833496e+00,-3.403746187686920166e-01,-9.871406108140945435e-02,-2.166101634502410889e-01,-1.332936406135559082e+00,-1.064080238342285156e+00,-2.204064726829528809e-01,-3.600772619247436523e-01,1.351027727127075195e+00,3.956283807754516602e+00,-1.130223393440246582e+00,-3.716698884963989258e-01,2.623321712017059326e-01,-8.534541726112365723e-01,1.170369029045104980e+00,-1.178589582443237305e+00,-5.434579849243164062e-01,-1.117284059524536133e+00,-2.003555536270141602e+00,-8.597018718719482422e-01,-1.374107003211975098e+00,-2.227854967117309570e+00,-1.240911841392517090e+00,-9.094542860984802246e-01,-2.184497833251953125e+00,4.319721758365631104e-01,9.413270950317382812e-01,-4.557528495788574219e+00,-2.712010145187377930e+00,-6.191192194819450378e-03,-1.013336181640625000e+00,9.995512962341308594e-01,-6.633004546165466309e-01,-1.463243216276168823e-01,3.493111580610275269e-02,-4.537326097488403320e-02,-9.335712790489196777e-01,2.399501055479049683e-01,-8.320989012718200684e-01,9.613825082778930664e-01,6.390424966812133789e-01,4.517519474029541016e-01,7.369104027748107910e-01,-2.941154539585113525e-01,1.361166715621948242e+00,-2.844600975513458252e-01,-7.852262854576110840e-01,5.199242234230041504e-01,-1.581886172294616699e+00,4.073521792888641357e-01,2.471840620040893555e+00,-8.693310022354125977e-01,-1.030644550919532776e-01,-2.362047672271728516e+00,5.687340497970581055e-01,-1.878718733787536621e+00,1.454334855079650879e+00,-6.622839570045471191e-01
-3.559570610523223877e-01,3.073610961437225342e-01,1.229813098907470703e+00,-3.893954753875732422e-01,1.003313422203063965e+00,9.695908427238464355e-01,1.137802720069885254e+00,7.285605669021606445e-01,-6.289241313934326172e-01,-2.477868318557739258e+00,-2.167309224605560303e-01,-6.403684020042419434e-01,1.594078302383422852e+00,-1.570683270692825317e-01,3.589042127132415771e-01,6.503356248140335083e-02,-6.804322004318237305e-01,-2.867181897163391113e-01,8.811851143836975098e-01,2.224725037813186646e-01,-2.710972428321838379e-01,1.146039009094238281e+00,3.386288583278656006e-01,-4.768013358116149902e-01,-1.790477752685546875e+00,-1.506052464246749878e-01,5.493935942649841309e-01,2.539526820182800293e-01,-1.037862539291381836e+00,5.439423322677612305e-01,1.410791516304016113e+00,-5.396239161491394043e-01,3.147090971469879150e-01,1.995746940374374390e-01,1.578916311264038086e+00,1.218933582305908203e+00,-1.888164043426513672e+00,-2.368139028549194336e+00,-2.533453404903411865e-01,-2.804418206214904785e-01,2.420095920562744141e+00,-5.262980461120605469e-01,5.603222921490669250e-02,1.786056160926818848e+00,1.351058721542358398e+00,-3.636819422245025635e-01,3.252212107181549072e-01,-1.330602645874023438e+00,-2.644450426101684570e+00,-1.226319313049316406e+00,3.052169978618621826e-01,-4.945510029792785645e-01,-5.918521881103515625e-01,-1.220119670033454895e-01,3.296541571617126465e-01,1.761030912399291992e+00,-1.333908438682556152e+00,5.031473040580749512e-01,1.664545573294162750e-02,7.466459274291992188e-02,1.272461533546447754e+00,-4.350216984748840332e-01,-1.499210238456726074e+00,-6.403816938400268555e-01,6.200819015502929688e-01,-7.534793019294738770e-01,-8.271911144256591797e-01,6.361305117607116699e-01,3.983530104160308838e-01,7.329626083374023438e-01,4.791416823863983154e-01,2.519864439964294434e-01,8.971778154373168945e-01,-1.409394741058349609e+00,-9.839739650487899780e-02,-8.591352105140686035e-01,1.776061058044433594e-01,6.853049993515014648e-01,5.626657605171203613e-01,7.296586036682128906e-01,1.058861970901489258e+00,-3.577284216880798340e-01,-5.643864274024963379e-01,5.174580216407775879e-01,1.719934582710266113e+00,6.382844448089599609e-01,4.486072063446044922e-01,-8.070971369743347168e-01,5.456632971763610840e-01,7.954663634300231934e-01,1.100196242332458496e+00,-3.600868284702301025e-01,5.475805997848510742e-01,-1.185888767242431641e+00,-9.684460759162902832e-01,5.501202940940856934e-01,-2.018043547868728638e-01,-1.005917072296142578e+00,5.964286327362060547e-01,3.659267723560333252e-01,8.845571875572204590e-01,-2.150265574455261230e-01,-2.199481129646301270e-01,1.580937504768371582e+00,1.034695148468017578e+00,4.137609302997589111e-01,1.492961168289184570e+00,-1.455632567405700684e+00,-2.146962285041809082e-02,-1.368732452392578125e+00,-6.096881031990051270e-01,2.307767421007156372e-02,-5.442385673522949219e-01,2.105851620435714722e-01,1.521311700344085693e-01,-1.333243101835250854e-01,2.800349235534667969e+00,9.310812950134277344e-01,-1.158716320991516113e+00,-3.607629835605621338e-01,-3.171417951583862305e+00,-1.906588792800903320e+00,8.013319969177246094e-01,-1.171759963035583496e+00,-6.565178632736206055e-01,-9.069839119911193848e-01,8.614343404769897461e-01,-5.053389072418212891e-01
-1.113597750663757324e+00,1.141552254557609558e-01,2.645178556442260742e+00,-7.316303998231887817e-02,9.481112957000732422e-01,-9.340721964836120605e-01,-6.363720297813415527e-01,1.090897440910339355e+00,9.721826016902923584e-02,6.413964629173278809e-01,-1.631235361099243164e+00,-1.239456236362457275e-01,-2.890808582305908203e+00,5.179860591888427734e-01,-3.214613497257232666e-01,-3.268269449472427368e-02,4.188390374183654785e-01,-9.849740266799926758e-01,1.231915116310119629e+00,-6.609458923339843750e-01,5.603996664285659790e-02,1.196745872497558594e+00,2.744096517562866211e-01,6.642465591430664062e-01,-4.096710681915283203e-01,-7.551786303520202637e-01,-5.954797863960266113e-01,1.525099724531173706e-01,-1.642214298248291016e+00,5.096100568771362305e-01,1.269273519515991211e+00,-1.418411731719970703e+00,-5.680955052375793457e-01,2.883289456367492676e-01,8.644207119941711426e-01,2.506934642791748047e+00,-7.272627949714660645e-01,-2.170416593551635742e+00,8.291672170162200928e-02,-1.178543567657470703e+00,-1.046695094555616379e-02,9.102274775505065918e-01,-1.288998007774353027e+00,2.894971966743469238e-01,-9.515603072941303253e-03,6.158215403556823730e-01,-1.436265110969543457e+00,-3.373892605304718018e-01,-1.430808007717132568e-01,-7.270862162113189697e-02,-3.134718835353851318e-01,-1.011246919631958008e+00,1.123656749725341797e+00,-7.511849403381347656e-01,-1.577064156532287598e+00,-1.339733004570007324e+00,-1.002476930618286133e+00,-1.362946510314941406e+00,1.697875261306762695e-01,-5.594204068183898926e-01,-6.986055970191955566e-01,-3.703883290290832520e-01,-8.683270812034606934e-01,1.104903340339660645e+00,5.363423228263854980e-01,4.439431056380271912e-02,2.980394661426544189e-01,-3.850618302822113037e-01,2.481497764587402344e+00,7.786102592945098877e-02,-1.069788560271263123e-01,-7.015058398246765137e-02,1.897227525711059570e+00,-5.577383637428283691e-01,-2.101870059967041016e+00,3.613436818122863770e-01,-4.505233764648437500e-01,-1.484988689422607422e+00,8.398855924606323242e-01,2.448255121707916260e-01,3.282943248748779297e+00,8.810755610466003418e-01,-1.569780349731445312e+00,2.471709102392196655e-01,5.982097983360290527e-01,6.662786602973937988e-01,8.037395030260086060e-02,3.156377553939819336e+00,-1.541044473648071289e+00,7.629543542861938477e-01,-5.151505023241043091e-02,1.457303404808044434e+00,8.986394107341766357e-02,-5.131330490112304688e-01,1.280456483364105225e-01,7.125789523124694824e-01,1.958407759666442871e+00,1.783512830734252930e-01,-1.270562559366226196e-01,3.453916907310485840e-01,1.397829413414001465e+00,-1.401258349418640137e+00,2.568333148956298828e+00,-3.542893528938293457e-01,1.472793102264404297e+00,-3.894018828868865967e-01,-7.848416566848754883e-01,-2.329073429107666016e+00,-8.338424563407897949e-01,-6.693123579025268555e-01,-5.934782624244689941e-01,2.267087221145629883e+00,-1.612093806266784668e+00,-5.865488648414611816e-01,3.826666474342346191e-01,-1.450969576835632324e+00,1.112426280975341797e+00,1.623707890510559082e+00,6.404247283935546875e-01,-8.458603620529174805e-01,-1.086567997932434082e+00,-3.698330879211425781e+00,-2.158888101577758789e+00,7.343131303787231445e-01,-3.600251972675323486e-01,-4.048039317131042480e-01,2.116060495376586914e+00,-5.884209871292114258e-01
6.401441097259521484e-01,-4.601692259311676025e-01,6.215507388114929199e-01,1.884006977081298828e+00,9.177878499031066895e-01,-1.403205871582031250e+00,8.112735152244567871e-01,-7.465314865112304688e-02,3.670668900012969971e-01,-5.964904427528381348e-01,-1.742060065269470215e+00,1.834668219089508057e-01,-4.288514703512191772e-02,-2.024300098419189453e+00,-6.245355010032653809e-01,-9.047467708587646484e-01,-3.632281720638275146e-01,1.477739691734313965e+00,-2.503827512264251709e-01,2.990445494651794434e-01,-6.454958915710449219e-01,-2.167091071605682373e-01,-5.335462570190429688e+00,2.320660501718521118e-01,1.509132862091064453e+00,-9.165200591087341309e-02,9.863306283950805664e-01,6.573417782783508301e-01,7.822446823120117188e-01,2.356219887733459473e-01,-3.917022645473480225e-01,-3.023772537708282471e-01,-7.517227530479431152e-01,-2.854082882404327393e-01,-1.870159983634948730e+00,3.771403133869171143e-01,1.119693279266357422e+00,-1.298735618591308594e+00,1.506624460220336914e+00,8.871168494224548340e-01,3.387586772441864014e-02,-1.812590360641479492e+00,3.180732131004333496e-01,1.500124812126159668e+00,1.052684411406517029e-01,-3.869932174682617188e+00,-9.486812353134155273e-01,-1.701390147209167480e+00,2.973756194114685059e-01,9.428489804267883301e-01,-3.318563997745513916e-01,-5.435241013765335083e-02,-2.321609735488891602e+00,-5.093787312507629395e-01,-8.642971515655517578e-02,2.425179928541183472e-01,-2.987554669380187988e-01,-3.474567174911499023e+00,-4.227755125612020493e-04,3.177250623703002930e-01,9.494302272796630859e-01,-3.137140870094299316e-01,-4.097331523895263672e+00,4.201562404632568359e-01,1.245325565338134766e+00,4.453560113906860352e-01,2.373696416616439819e-01,8.295711129903793335e-02,-8.424601554870605469e-01,-9.504084587097167969e-01,7.965449690818786621e-01,-1.079420149326324463e-01,2.417980670928955078e+00,3.090868294239044189e-01,2.111114375293254852e-02,-5.913219600915908813e-02,-3.450289070606231689e-01,3.741146802902221680e+00,1.102963566780090332e+00,1.444635391235351562e-01,1.233416795730590820e+00,4.370269775390625000e-01,5.077187418937683105e-01,1.996765255928039551e+00,1.263030290603637695e+00,-7.698798179626464844e-01,-6.211831569671630859e-01,3.548976182937622070e+00,5.742688775062561035e-01,-7.465033531188964844e-01,4.343287050724029541e-01,3.479930639266967773e+00,1.397251963615417480e+00,-1.411685824394226074e+00,8.115109205245971680e-01,1.514396309852600098e+00,-7.823809981346130371e-01,8.597480505704879761e-02,9.290593266487121582e-01,7.555808424949645996e-01,9.859445095062255859e-01,1.035801768302917480e+00,-2.135998606681823730e-01,-1.090134739875793457e+00,-4.733743518590927124e-02,-2.034564256668090820e+00,-2.397194653749465942e-01,-8.843446969985961914e-01,4.354027509689331055e-01,-9.398596286773681641e-01,-1.486495018005371094e+00,-4.685159325599670410e-01,1.454671025276184082e+00,5.850211977958679199e-01,4.201979935169219971e-01,1.018757104873657227e+00,8.368822336196899414e-01,9.160373806953430176e-01,-1.788814783096313477e+00,1.660431623458862305e-01,-1.026951074600219727e+00,-1.227447628974914551e+00,1.546010851860046387e+00,-1.987339854240417480e+00,1.143994808197021484e+00,-1.487339753657579422e-02,4.136893432587385178e-03,-8.399158120155334473e-01
-1.585118532180786133e+00,-1.322164684534072876e-01,2.308743715286254883e+00,2.994183599948883057e-01,1.308349728584289551e+00,-1.576792597770690918e-01,-1.051098108291625977e+00,1.263293772935867310e-01,6.129809617996215820e-01,5.288131833076477051e-01,-4.845652282238006592e-01,-2.284546568989753723e-02,-2.362309217453002930e+00,1.710809707641601562e+00,-2.590485095977783203e+00,-4.694425165653228760e-01,1.055512309074401855e+00,-2.016710042953491211e-01,-7.465162873268127441e-01,-1.750280857086181641e+00,-5.276800394058227539e-01,-1.072125554084777832e+00,-2.029706478118896484e+00,-2.302509069442749023e+00,-1.692736029624938965e+00,5.502549931406974792e-03,5.682116746902465820e-01,-2.034154653549194336e+00,-5.432008951902389526e-02,1.988331675529479980e-01,7.002085447311401367e-01,-2.361857414245605469e+00,-2.988362312316894531e-01,1.299554705619812012e+00,4.351930916309356689e-01,6.172590255737304688e-01,2.034671753644943237e-01,-3.393634855747222900e-01,-6.151111721992492676e-01,8.641109615564346313e-02,7.405767440795898438e-01,1.447121143341064453e+00,-6.183844059705734253e-02,1.004610896110534668e+00,-1.029903411865234375e+00,1.642118096351623535e+00,9.829724431037902832e-01,1.756446957588195801e+00,-4.868125915527343750e-02,1.038173317909240723e+00,-2.550396919250488281e-01,-5.252032876014709473e-01,5.188295841217041016e-01,4.680579304695129395e-01,7.533287405967712402e-01,1.688706129789352417e-01,-8.713717460632324219e-01,-1.291572332382202148e+00,7.984749674797058105e-01,3.079063296318054199e-01,-2.988877147436141968e-02,-5.908588767051696777e-01,4.223187863826751709e-01,-4.072911143302917480e-01,1.388247758150100708e-01,5.844592452049255371e-01,2.489244222640991211e+00,3.116080462932586670e-01,-1.109007477760314941e+00,-1.253074884414672852e+00,1.673481702804565430e+00,1.845038086175918579e-01,5.329581499099731445e-01,1.179449439048767090e+00,-1.925657629966735840e+00,-1.465978384017944336e+00,-1.112305521965026855e-01,-5.208705663681030273e-01,-1.539317488670349121e+00,1.145280003547668457e-01,5.426908731460571289e-01,3.243655860424041748e-01,-4.411872327327728271e-01,-4.805842787027359009e-02,7.555413842201232910e-01,-5.567409396171569824e-01,-4.577802419662475586e-01,2.454689979553222656e+00,8.263958096504211426e-01,4.418406009674072266e+00,7.390494346618652344e-01,-9.149353504180908203e-01,2.591531038284301758e+00,-1.137082695960998535e+00,1.066338419914245605e+00,8.155280351638793945e-01,3.159171581268310547e+00,-9.718637466430664062e-01,7.351930141448974609e-01,-2.004005014896392822e-01,-1.733713001012802124e-01,-5.989215970039367676e-01,1.566620349884033203e+00,-1.510223031044006348e+00,2.495258569717407227e+00,7.220729589462280273e-01,7.045432329177856445e-01,-4.913482964038848877e-01,-5.789769291877746582e-01,3.113518953323364258e-01,-4.506732225418090820e-01,1.637305617332458496e+00,7.097091078758239746e-01,-2.309427738189697266e+00,-3.471526801586151123e-01,9.488224238157272339e-02,-9.353479743003845215e-01,6.370254755020141602e-01,1.725251436233520508e+00,1.337841987609863281e+00,-6.541645526885986328e-02,1.010931015014648438e+00,1.782202005386352539e+00,5.070497393608093262e-01,1.051079779863357544e-01,-6.668292880058288574e-01,7.852384448051452637e-01,-4.230353049933910370e-03
-3.261252403259277344e+00,1.557412743568420410e+00,-1.669856190681457520e+00,2.285004138946533203e+00,2.180190324783325195e+00,-3.428929746150970459e-01,3.736144006252288818e-01,5.407704353332519531e+00,-4.435215890407562256e-01,1.641963571310043335e-01,1.486409157514572144e-01,-4.708586633205413818e-01,4.289669916033744812e-02,3.365429043769836426e-01,-1.147373914718627930e+00,1.001581996679306030e-01,-1.029206156730651855e+00,-1.054405570030212402e+00,-2.571820020675659180e-01,9.461290836334228516e-01,-1.016545534133911133e+00,1.164278388023376465e+00,-2.843279361724853516e+00,-1.201219439506530762e+00,-4.535977542400360107e-01,-1.612666845321655273e-01,-4.657115340232849121e-01,1.101407766342163086e+00,1.820078134536743164e+00,-3.414038121700286865e-01,1.713855266571044922e+00,-8.137827515602111816e-01,9.132270812988281250e-01,1.159931302070617676e+00,-3.044726610183715820e+00,-3.077787160873413086e-01,-1.260731667280197144e-01,-1.410986185073852539e+00,1.776106595993041992e+00,-1.784403324127197266e-01,-2.153984308242797852e-01,-2.867166101932525635e-01,2.852802872657775879e-01,5.249806046485900879e-01,9.610917568206787109e-01,-1.607540726661682129e+00,7.265412807464599609e-01,-4.179808199405670166e-01,-1.874369859695434570e+00,-1.655375599861145020e+00,-1.994696855545043945e-01,-1.078570559620857239e-01,7.529520988464355469e-01,1.664199233055114746e+00,4.744649827480316162e-01,3.971210122108459473e-01,3.806875348091125488e-01,-4.980895668268203735e-02,-1.121589422225952148e+00,-1.271827220916748047e+00,-6.117811203002929688e-01,1.519078135490417480e+00,2.742570638656616211e-01,-1.107268571853637695e+00,3.944886028766632080e-01,3.228703141212463379e-01,2.248530089855194092e-01,-5.769838094711303711e-01,3.537858009338378906e+00,5.551211833953857422e-01,-8.776210546493530273e-01,8.678712248802185059e-01,5.051330924034118652e-01,-1.492532134056091309e+00,9.085410237312316895e-01,6.612428426742553711e-01,-4.296953082084655762e-01,6.393808871507644653e-02,-9.699035286903381348e-01,2.552902996540069580e-01,-1.560332477092742920e-01,-2.506600320339202881e-01,5.894727706909179688e-01,-2.676289379596710205e-01,6.338748335838317871e-01,-8.679416179656982422e-01,9.218283295631408691e-01,5.438066124916076660e-01,6.200643628835678101e-02,6.706479787826538086e-01,1.018024086952209473e+00,-3.504439294338226318e-01,-8.209554553031921387e-01,5.472592115402221680e-01,-3.484886288642883301e-01,7.196182608604431152e-01,-7.333596944808959961e-01,-6.284148991107940674e-02,-2.217418551445007324e-01,1.266867637634277344e+00,2.066029012203216553e-01,-1.488106846809387207e+00,-2.730411291122436523e-01,1.138313770294189453e+00,1.118802785873413086e+00,-1.966068297624588013e-01,2.665029466152191162e-01,-4.978657960891723633e-01,6.224245429039001465e-01,3.498398363590240479e-01,5.194721221923828125e-01,3.515075922012329102e+00,-7.167605161666870117e-01,-1.058916330337524414e+00,-9.186769276857376099e-02,-6.359044462442398071e-02,9.223242402076721191e-01,-1.341186463832855225e-01,1.708904743194580078e+00,3.660996556282043457e-01,5.403733253479003906e-01,-3.697275817394256592e-01,9.664368629455566406e-02,-1.515864253044128418e+00,-1.788542270660400391e-01,1.629595756530761719e+00,1.330408096313476562e+00,1.312922000885009766e+00
9.033911228179931641e-01,-6.828896403312683105e-01,2.090309113264083862e-01,-9.777944684028625488e-01,1.796872138977050781e+00,-3.459819033741950989e-02,1.179987907409667969e+00,-7.007561326026916504e-01,-2.432200431823730469e+00,-6.805927157402038574e-01,-4.995402991771697998e-01,1.109628200531005859e+00,-1.503081679344177246e+00,-7.858937233686447144e-02,-1.067901030182838440e-01,-4.030621349811553955e-01,9.402154684066772461e-01,-7.128180563449859619e-02,-1.075461506843566895e+00,1.219294190406799316e+00,4.054366588592529297e+00,4.493264257907867432e-01,8.170644193887710571e-02,2.970070123672485352e+00,4.680756032466888428e-01,-9.467114508152008057e-02,8.001378178596496582e-01,-3.132452964782714844e+00,-1.639609336853027344e+00,9.522601962089538574e-01,-1.419137865304946899e-01,1.027884125709533691e+00,-4.830117337405681610e-03,-7.643166184425354004e-01,-7.151673436164855957e-01,-2.373225688934326172e-01,-1.670686364173889160e+00,7.134550213813781738e-01,-2.281808853149414062e+00,-1.494916915893554688e+00,8.134734630584716797e-02,-4.295191168785095215e-01,-6.055565476417541504e-01,1.143319129943847656e+00,9.632561802864074707e-01,-4.250838458538055420e-01,1.778048872947692871e-01,5.815043449401855469e-01,4.460563957691192627e-01,-2.597391843795776367e+00,6.172238588333129883e-01,3.644006252288818359e+00,-8.029501885175704956e-02,-9.255511164665222168e-01,1.554649233818054199e+00,-1.624979674816131592e-01,6.457856893539428711e-01,-3.540035486221313477e+00,3.218839466571807861e-01,-8.672670125961303711e-01,3.860283851623535156e+00,-3.675236105918884277e-01,2.849644720554351807e-01,6.263146549463272095e-02,-3.900746107101440430e-01,2.326784849166870117e+00,-4.135964512825012207e-01,5.284555256366729736e-02,3.453809320926666260e-01,3.081970214843750000e+00,8.408434391021728516e-01,1.802434802055358887e+00,-2.091880798339843750e+00,1.600066304206848145e+00,4.624629318714141846e-01,6.972097158432006836e-01,1.537864357233047485e-01,1.542588621377944946e-01,3.937954664230346680e+00,-5.506170392036437988e-01,-3.484460413455963135e-01,1.408150911331176758e+00,2.417531251907348633e+00,-6.184919476509094238e-01,-4.738339483737945557e-01,2.385904826223850250e-02,-5.307734012603759766e-01,2.058810889720916748e-01,1.036336779594421387e+00,-9.218419194221496582e-01,-1.220413208007812500e+00,-1.882735848426818848e+00,1.271068751811981201e-01,-7.551167160272598267e-02,1.184009432792663574e+00,-2.722883462905883789e+00,7.473472356796264648e-01,-1.266622066497802734e+00,4.448227584362030029e-01,-5.811594724655151367e-01,4.135260581970214844e+00,5.466393232345581055e-01,-1.360462546348571777e+00,-2.883382141590118408e-01,-4.409811198711395264e-01,9.810878038406372070e-01,-9.141622781753540039e-01,1.458889245986938477e+00,1.521062850952148438e+00,-2.915741801261901855e-01,-9.156740903854370117e-01,-5.230034589767456055e-01,6.715117096900939941e-01,2.177259325981140137e-01,4.369328320026397705e-01,-2.043945789337158203e-01,-2.616090536117553711e+00,-3.583856225013732910e-01,-4.210013151168823242e-02,-1.675536990165710449e+00,1.627538681030273438e+00,3.770725429058074951e-01,1.300859332084655762e+00,8.974620699882507324e-01,-2.468055963516235352e+00,-6.816799044609069824e-01,4.095684289932250977e-01,-3.166236728429794312e-02
-3.607139289379119873e-01,-2.056069374084472656e-01,-1.886061578989028931e-01,-3.238866627216339111e-01,-2.028949707746505737e-01,1.415816843509674072e-01,-2.247592657804489136e-01,7.083149552345275879e-01,1.251408696174621582e+00,-1.225848197937011719e+00,-5.336823463439941406e-01,-3.523427963256835938e+00,-9.124001860618591309e-01,9.118077158927917480e-01,-5.848193168640136719e-01,3.833276033401489258e-01,-1.299524307250976562e+00,4.022960066795349121e-01,3.227749168872833252e-01,-6.755726337432861328e-01,-2.177148163318634033e-01,-7.903580069541931152e-01,-1.809472203254699707e+00,9.456389546394348145e-01,-1.155273318290710449e+00,-4.855387806892395020e-01,-3.101909458637237549e-01,-1.920288950204849243e-01,1.024729251861572266e+00,-1.293967485427856445e+00,2.517938613891601562e-01,1.688283324241638184e+00,1.686207532882690430e+00,1.223733901977539062e+00,-5.912909507751464844e-01,2.268170833587646484e+00,-1.120010316371917725e-01,1.622834444046020508e+00,-1.598954796791076660e-01,-1.744398355484008789e+00,-9.658937156200408936e-02,1.241900444030761719e+00,4.189532697200775146e-01,8.475151062011718750e-01,-5.481182932853698730e-01,-2.833547830581665039e+00,-7.518996000289916992e-01,-3.763119876384735107e-01,-2.524943351745605469e+00,-2.897389829158782959e-01,-1.358708250336349010e-03,-4.475799798965454102e-01,1.443315148353576660e+00,-5.512918829917907715e-01,-2.638482570648193359e+00,-4.538949131965637207e-01,2.286166697740554810e-01,4.712332412600517273e-02,-7.405490875244140625e-01,-9.595816731452941895e-01,1.578604459762573242e+00,1.881600141525268555e+00,-3.913731873035430908e-01,-1.549331545829772949e+00,-6.131501793861389160e-01,-8.312466740608215332e-01,-2.940638065338134766e-01,-2.805283851921558380e-02,1.074763536453247070e+00,1.809864163398742676e+00,6.013877317309379578e-02,-1.716256141662597656e+00,-9.894655644893646240e-02,1.456774026155471802e-01,-1.895356297492980957e+00,1.030912876129150391e+00,1.722901940345764160e+00,-6.077466011047363281e-01,-5.667653679847717285e-01,-9.566664695739746094e-02,1.214581370353698730e+00,1.468702554702758789e+00,-2.088468819856643677e-01,-6.624242067337036133e-01,2.528723776340484619e-01,-3.871877193450927734e-01,4.765612781047821045e-01,1.155943870544433594e+00,-7.446957826614379883e-01,6.601819396018981934e-01,-1.174467921257019043e+00,-8.271682262420654297e-01,4.127421379089355469e-01,9.957937598228454590e-01,-3.598360419273376465e-01,-1.640668630599975586e+00,2.914268970489501953e+00,-4.975901544094085693e-01,7.399670779705047607e-02,2.582226693630218506e-01,4.352042376995086670e-01,6.770594716072082520e-01,1.319236516952514648e+00,1.542135328054428101e-01,5.668326094746589661e-02,2.605753242969512939e-01,1.131203413009643555e+00,4.631365537643432617e-01,-9.713588654994964600e-02,-4.271955788135528564e-01,-5.358909368515014648e-01,6.042438745498657227e-01,7.754504680633544922e-01,-6.546271443367004395e-01,3.595334291458129883e-02,-7.468251585960388184e-01,-1.944707870483398438e+00,1.896930336952209473e+00,2.983306169509887695e+00,-1.090136766433715820e+00,-1.771035671234130859e+00,9.976194500923156738e-01,1.757479459047317505e-01,1.062428653240203857e-01,-3.186525404453277588e-01,-2.376781225204467773e+00,-5.024340152740478516e-01,-1.826978474855422974e-01
-2.233564615249633789e+00,4.112091660499572754e-01,-8.458823561668395996e-01,-3.259739279747009277e-01,-2.102236747741699219e+00,7.066494822502136230e-01,-5.482894778251647949e-01,6.470730900764465332e-02,-1.330745339393615723e+00,9.293029904365539551e-01,-1.085952877998352051e+00,-3.006552159786224365e-01,9.554252624511718750e-01,1.715632319450378418e+00,-1.401494503021240234e+00,1.359178066253662109e+00,-8.866487741470336914e-01,2.383256435394287109e+00,1.937473416328430176e-01,-1.958323359489440918e+00,1.893519163131713867e+00,7.397410273551940918e-01,1.189575314521789551e+00,1.382842540740966797e+00,-5.799806118011474609e-01,9.647303819656372070e-01,3.037660196423530579e-02,-2.829055786132812500e+00,-2.087901532649993896e-01,-6.167273968458175659e-02,9.153974056243896484e-01,4.153337180614471436e-01,-1.169092655181884766e+00,7.082629203796386719e-01,3.186362683773040771e-01,2.287187576293945312e+00,-1.489489436149597168e+00,-3.612410724163055420e-01,-3.240189850330352783e-01,3.164550065994262695e+00,-5.784903168678283691e-01,-9.688413739204406738e-01,1.146943449974060059e+00,-2.162514448165893555e+00,3.221466541290283203e+00,1.657719165086746216e-01,-1.574031233787536621e+00,1.625328540802001953e+00,-6.019479036331176758e-01,9.128394722938537598e-01,1.086394309997558594e+00,-1.369891285896301270e+00,-4.511146545410156250e-01,8.487328290939331055e-01,-1.814217329025268555e+00,1.614936709403991699e+00,-8.941423296928405762e-01,-2.672233879566192627e-01,-3.181188181042671204e-02,2.841221690177917480e-01,3.066324591636657715e-01,-3.657520413398742676e-01,-2.860713958740234375e+00,-1.270456314086914062e+00,-1.060639500617980957e+00,-4.310462772846221924e-01,-1.255395412445068359e+00,5.530940294265747070e-01,1.622472643852233887e+00,6.136428117752075195e-01,2.155198812484741211e+00,-7.173078656196594238e-01,-2.097451984882354736e-01,1.143491387367248535e+00,1.790268182754516602e+00,1.486240386962890625e+00,-1.633590579032897949e+00,3.617858588695526123e-01,1.023066878318786621e+00,9.671977758407592773e-01,8.179411888122558594e-01,2.217590093612670898e+00,2.419338703155517578e+00,3.335732519626617432e-01,-4.198423027992248535e-01,1.010989665985107422e+00,-8.110259175300598145e-01,1.572629064321517944e-01,2.141000986099243164e+00,-3.257193326950073242e+00,2.092135667800903320e+00,4.089971482753753662e-01,1.049775123596191406e+00,2.272807508707046509e-01,-3.440327405929565430e+00,1.274588853120803833e-01,1.635067164897918701e-01,-6.513273715972900391e-01,-4.658494293689727783e-01,8.181535601615905762e-01,-3.013506829738616943e-01,-1.182287558913230896e-01,-1.768673062324523926e-01,2.556196689605712891e+00,6.945791840553283691e-01,-2.552269995212554932e-01,-3.417802751064300537e-01,-1.804198741912841797e+00,4.068576097488403320e-01,-2.256805658340454102e+00,3.829277455806732178e-01,1.782601594924926758e+00,8.900468349456787109e-01,2.272835731506347656e+00,1.779102138243615627e-03,-3.310415446758270264e-01,-1.392506659030914307e-01,-7.294797301292419434e-01,2.312083005905151367e+00,-2.311702489852905273e+00,-8.559311628341674805e-01,-6.534137725830078125e-01,-1.923277258872985840e+00,7.433459758758544922e-01,9.524835348129272461e-01,-7.098629325628280640e-02,-5.192166566848754883e-02,-8.692694902420043945e-01
5.210457444190979004e-01,4.023902416229248047e-01,-1.260383367538452148e+00,-5.446997284889221191e-01,1.486783981323242188e+00,6.475565433502197266e-01,9.293144345283508301e-01,-9.472341537475585938e-01,3.887261748313903809e-01,2.625609040260314941e-01,-3.987216949462890625e-01,9.110804796218872070e-01,-1.206095576286315918e+00,-1.430342048406600952e-01,1.950569003820419312e-01,8.431172370910644531e-01,-1.644504785537719727e+00,-6.173490285873413086e-01,-1.100561976432800293e+00,5.091452598571777344e-02,-1.441460698843002319e-01,3.146502748131752014e-02,3.258745074272155762e-01,-1.665048748254776001e-01,-1.862764000892639160e+00,-7.129634022712707520e-01,3.531579673290252686e-01,1.409643173217773438e+00,-1.328567385673522949e+00,-1.135919690132141113e+00,3.578682839870452881e-01,-3.765951842069625854e-02,-1.122984170913696289e+00,-6.946502327919006348e-01,8.006455898284912109e-01,3.318141400814056396e-01,1.599239587783813477e+00,-1.098224986344575882e-02,9.943192452192306519e-02,2.383586645126342773e+00,-5.643927454948425293e-01,-5.032299458980560303e-02,-1.977909207344055176e+00,-1.365572690963745117e+00,8.439764380455017090e-01,-2.492326974868774414e+00,6.071950197219848633e-01,1.042959392070770264e-01,2.677450776100158691e-01,1.052174791693687439e-01,7.850729743950068951e-04,-8.190425634384155273e-01,1.830890655517578125e+00,-7.838677763938903809e-01,-1.463829129934310913e-01,1.521605968475341797e+00,-4.890305995941162109e-01,-9.912870526313781738e-01,6.038925424218177795e-02,9.619110822677612305e-01,4.854106605052947998e-01,-8.794170022010803223e-01,1.835946887731552124e-01,6.063106656074523926e-01,3.477967157959938049e-02,-4.236966073513031006e-01,1.450308412313461304e-01,8.612698316574096680e-01,-9.427850842475891113e-01,-1.057693839073181152e+00,8.563128709793090820e-01,-1.132759928703308105e+00,-1.188515067100524902e+00,1.729650795459747314e-01,4.943080842494964600e-01,1.184409737586975098e+00,5.814863443374633789e-01,3.056278705596923828e+00,3.501301407814025879e-01,1.049860045313835144e-01,3.256216049194335938e+00,-3.183131292462348938e-02,5.658045411109924316e-01,2.311704635620117188e+00,-4.192789196968078613e-01,-4.113235175609588623e-01,4.091283321380615234e+00,2.838227987289428711e+00,1.133650541305541992e+00,-1.065837740898132324e+00,9.217818975448608398e-01,8.666803836822509766e-01,1.559949368238449097e-01,2.321077138185501099e-01,1.528442949056625366e-01,9.719377756118774414e-01,6.785228848457336426e-01,-1.378877162933349609e-01,-7.605124115943908691e-01,2.605983495712280273e+00,-1.106612458825111389e-01,7.202652692794799805e-01,-8.708368539810180664e-01,4.017382562160491943e-01,1.451347947120666504e+00,-9.725172519683837891e-01,6.214135885238647461e-02,8.372581601142883301e-01,1.237372756004333496e+00,5.508685111999511719e-01,2.981971800327301025e-01,6.300168037414550781e-01,-8.021023869514465332e-01,5.566037297248840332e-01,5.089637041091918945e-01,-3.086630403995513916e-01,-3.512972593307495117e-01,5.086538791656494141e-01,1.414282202720642090e+00,1.360328912734985352e+00,-4.017434120178222656e-01,-1.857775688171386719e+00,1.171323776245117188e+00,-1.066004633903503418e+00,-1.396562159061431885e-01,-2.821602821350097656e-01,-2.653836011886596680e+00,2.901343345642089844e+00
9.767919778823852539e-02,-1.616058126091957092e-02,1.233607530593872070e+00,-1.130709409713745117e+00,9.853557683527469635e-03,-1.000462293624877930e+00,-6.708834767341613770e-01,1.350769758224487305e+00,2.820711135864257812e-01,2.314688920974731445e+00,-2.307215183973312378e-01,-3.912958145141601562e+00,1.604633688926696777e+00,1.045741915702819824e+00,-5.532143712043762207e-01,-5.674520730972290039e-01,-2.060824394226074219e+00,1.217618823051452637e+00,5.687480449676513672e+00,-6.274466514587402344e-01,5.622829869389533997e-02,1.083453893661499023e-01,2.131939530372619629e-01,-6.489857435226440430e-01,6.567786931991577148e-01,2.109965533018112183e-01,7.852286100387573242e-01,-2.687449216842651367e+00,-4.850726723670959473e-01,-1.321100592613220215e+00,-3.297646343708038330e-02,-2.707894518971443176e-02,3.256463110446929932e-01,3.089686632156372070e+00,1.844450354576110840e+00,5.011656880378723145e-01,-4.142110049724578857e-01,5.820831656455993652e-01,1.775838732719421387e-01,1.032296538352966309e+00,1.226617813110351562e+00,1.242380619049072266e+00,-8.794367909431457520e-01,-1.261895336210727692e-02,3.148987770080566406e+00,4.088670611381530762e-01,-1.059246659278869629e+00,4.092959687113761902e-02,-4.588032960891723633e-01,-9.910055398941040039e-01,-2.202207893133163452e-01,-5.600343942642211914e-01,7.119290232658386230e-01,2.400763779878616333e-01,-6.225069165229797363e-01,1.477207064628601074e+00,-6.640392541885375977e-01,1.066077589988708496e+00,7.748069167137145996e-01,-8.698073029518127441e-01,-3.021478652954101562e-01,3.993086218833923340e-01,6.635921001434326172e-01,-5.628529191017150879e-01,3.433967351913452148e+00,1.437085866928100586e-01,-6.069797277450561523e-01,-4.561468958854675293e-01,1.746405839920043945e+00,-1.223963618278503418e+00,5.648002624511718750e-01,4.687858521938323975e-01,-2.320392847061157227e+00,-1.368761956691741943e-01,-1.050995349884033203e+00,-5.779310464859008789e-01,3.171664476394653320e-01,1.848588109016418457e+00,4.710371196269989014e-01,-1.390356898307800293e+00,7.003353834152221680e-01,-1.086081385612487793e+00,-3.834817409515380859e-01,6.930315494537353516e-01,1.780024021863937378e-01,2.013023346662521362e-01,1.122264623641967773e+00,-5.396346449851989746e-01,-5.672218203544616699e-01,1.034551620483398438e+00,-2.867100834846496582e-01,-6.927086710929870605e-01,2.646775960922241211e+00,1.590590000152587891e+00,7.240759581327438354e-02,-4.234428882598876953e+00,1.036025881767272949e+00,9.356262683868408203e-01,8.014949560165405273e-01,2.658483088016510010e-01,-6.185868382453918457e-01,1.201252341270446777e+00,-2.298641651868820190e-01,-3.823703527450561523e+00,-7.327200770378112793e-01,-2.389899253845214844e+00,4.680558741092681885e-01,1.615209579467773438e-01,-2.464928030967712402e-01,-2.338351964950561523e+00,5.204918384552001953e-01,-1.692642122507095337e-01,-4.175761640071868896e-01,6.188848018646240234e-01,1.467131972312927246e-01,5.471538901329040527e-01,8.971318602561950684e-01,-4.591615498065948486e-01,2.585962772369384766e+00,8.853613734245300293e-01,8.666247129440307617e-01,1.087531208992004395e+00,-1.174636483192443848e+00,-5.309484958648681641e+00,7.345932126045227051e-01,7.383142709732055664e-01,-1.203272986458614469e-04,-7.617259770631790161e-02
4.504437744617462158e-01,4.812350273132324219e-01,3.075599431991577148e+00,1.209505796432495117e+00,1.907969862222671509e-01,-2.695349931716918945e+00,-1.846679151058197021e-01,-4.062987864017486572e-01,3.946607187390327454e-02,6.630048751831054688e-01,-1.353495240211486816e+00,-9.872290492057800293e-01,-2.543361186981201172e+00,2.334816455841064453e+00,4.949432611465454102e-01,2.120802998542785645e-01,-2.813478708267211914e+00,4.688333868980407715e-01,-3.830555453896522522e-02,6.672850847244262695e-01,-1.267698556184768677e-01,-6.379867792129516602e-01,8.012450337409973145e-01,-1.638490557670593262e-01,-2.706025540828704834e-01,-1.186076641082763672e+00,-8.554952740669250488e-01,1.067025661468505859e+00,1.392787098884582520e+00,-3.059156537055969238e-01,-4.477131962776184082e-01,-1.182870030403137207e+00,1.514112591743469238e+00,1.046652674674987793e+00,-3.160580694675445557e-01,-4.723821580410003662e-01,-5.886224508285522461e-01,1.945597976446151733e-01,1.169917225837707520e+00,-1.009152293205261230e+00,-9.471577405929565430e-01,1.718187093734741211e+00,-1.059477090835571289e+00,-2.038277685642242432e-01,8.670426607131958008e-01,3.918873667716979980e-01,-1.108046650886535645e+00,3.078009784221649170e-01,-2.839661836624145508e-01,1.059841394424438477e+00,-8.969247937202453613e-01,-1.492628604173660278e-01,2.828562855720520020e-01,-4.423620104789733887e-01,-2.926684021949768066e-01,-5.976191908121109009e-02,-2.417897880077362061e-01,-1.165131807327270508e+00,-2.152664899826049805e+00,4.263993799686431885e-01,2.991473436355590820e+00,2.016238212585449219e+00,3.494219481945037842e-01,-1.071126163005828857e-01,6.974904537200927734e-01,3.751926898956298828e+00,6.083100289106369019e-02,1.245787501335144043e+00,-8.297132849693298340e-01,-1.131455674767494202e-01,-3.832921743392944336e+00,-1.583145618438720703e+00,-1.043882593512535095e-01,5.235499888658523560e-02,3.586144447326660156e-01,1.503665208816528320e+00,-1.071620583534240723e-01,-1.423971414566040039e+00,-8.351360559463500977e-01,-6.487793326377868652e-01,-2.408527880907058716e-01,7.148348093032836914e-01,-2.314447641372680664e+00,-1.477480411529541016e+00,-1.321545094251632690e-01,-2.148692131042480469e+00,7.627078294754028320e-01,2.452895045280456543e-02,7.856972813606262207e-01,2.175396680831909180e+00,-5.092534795403480530e-02,4.170418083667755127e-01,8.418295383453369141e-01,-2.443943500518798828e+00,1.939982026815414429e-01,-9.522445797920227051e-01,-9.356335550546646118e-02,5.712913870811462402e-01,-9.233359992504119873e-02,-3.804814219474792480e-01,-3.439430296421051025e-01,2.217860370874404907e-01,2.291421175003051758e+00,-3.979035377502441406e+00,-1.092967152595520020e+00,-5.289044976234436035e-01,-9.494876861572265625e-02,-4.421410083770751953e+00,-1.541339755058288574e+00,-2.924367189407348633e+00,3.316665589809417725e-01,-1.279968261718750000e+00,-1.362927436828613281e+00,2.514537870883941650e-01,6.770212054252624512e-01,-1.609927117824554443e-01,4.373064935207366943e-01,-2.829966247081756592e-01,-6.174515485763549805e-01,3.605847358703613281e-01,-8.108519315719604492e-01,-7.882530242204666138e-02,2.583188712596893311e-01,1.180321097373962402e+00,-6.913960576057434082e-01,-2.698045670986175537e-01,9.172292351722717285e-01,-7.038024663925170898e-01
-4.820032596588134766e+00,-1.231521964073181152e+00,-5.925754308700561523e-01,-8.155720829963684082e-01,-2.590766251087188721e-01,-2.197632551193237305e+00,-1.141371488571166992e+00,-2.746872007846832275e-01,-1.421025991439819336e+00,-7.712044119834899902e-01,-1.672886908054351807e-01,-4.553233623504638672e+00,1.998404979705810547e+00,1.739804029464721680e+00,5.519753694534301758e-01,-6.693693399429321289e-01,1.441094279289245605e+00,2.649192810058593750e+00,-8.762040138244628906e-01,2.269486486911773682e-01,-1.446012616157531738e+00,4.653788506984710693e-01,5.449463129043579102e-01,3.379135429859161377e-01,-7.529472708702087402e-01,1.502750039100646973e+00,6.681865453720092773e-01,9.956811070442199707e-01,6.408651471138000488e-01,1.568503379821777344e+00,5.619657039642333984e-01,-2.725182533264160156e+00,-9.937496185302734375e-01,-6.622568964958190918e-01,-6.254586577415466309e-01,5.304834842681884766e-01,2.515197515487670898e+00,7.819774746894836426e-01,-1.183431982994079590e+00,4.468876719474792480e-01,7.351912260055541992e-01,-1.459282517433166504e+00,1.017199873924255371e+00,-5.290394425392150879e-01,-1.162007212638854980e+00,1.878614306449890137e+00,3.845723867416381836e-01,-6.269571781158447266e-01,-2.878902912139892578e+00,-3.694825991988182068e-02,1.283961832523345947e-01,3.160653114318847656e+00,-3.120424747467041016e+00,4.137990176677703857e-01,-1.643021464347839355e+00,1.675319075584411621e-01,-1.947558969259262085e-01,8.186894655227661133e-01,1.347698122262954712e-01,1.183178305625915527e+00,-5.524335503578186035e-01,-3.007242977619171143e-01,7.232802510261535645e-01,-1.415456235408782959e-01,-1.316618084907531738e+00,-1.473326444625854492e+00,7.250439375638961792e-02,1.234242796897888184e+00,-8.550052046775817871e-01,-8.345947861671447754e-01,-6.202573180198669434e-01,3.906752765178680420e-01,-3.021949231624603271e-01,-2.930136024951934814e-01,7.176413536071777344e-01,1.398583203554153442e-01,-5.383163094520568848e-01,1.073697924613952637e+00,2.935342073440551758e+00,-6.508574485778808594e-01,4.431042969226837158e-01,7.638021707534790039e-01,1.476832151412963867e+00,-1.409398436546325684e+00,3.157596588134765625e+00,1.106140464544296265e-01,-1.095559716224670410e+00,-1.295094370841979980e+00,5.035979151725769043e-01,-1.338815808296203613e+00,-7.094337344169616699e-01,-7.902268171310424805e-01,1.853878498077392578e+00,-1.387630224227905273e+00,4.374652802944183350e-01,-6.223586201667785645e-01,-1.571187973022460938e+00,-1.367166042327880859e+00,1.379896104335784912e-01,-1.393521428108215332e-01,-2.820810377597808838e-01,2.428486585617065430e+00,1.409459233283996582e+00,-9.911859035491943359e-02,-7.797867655754089355e-01,3.399264812469482422e+00,-5.351952910423278809e-01,-3.726191759109497070e+00,5.085794925689697266e-01,2.224567651748657227e+00,3.012322187423706055e-01,5.755844116210937500e-01,-1.057577878236770630e-01,6.941506266593933105e-01,-5.077612996101379395e-01,3.239343166351318359e-01,1.718505620956420898e-01,-2.079032182693481445e+00,4.533192813396453857e-01,2.698724031448364258e+00,-7.301922440528869629e-01,-9.625986218452453613e-01,-4.728781580924987793e-01,1.384130001068115234e+00,-2.708141088485717773e+00,-1.108990311622619629e+00,-1.912499815225601196e-01,-7.648877799510955811e-02
8.093141317367553711e-01,-1.651596426963806152e-01,1.223403811454772949e+00,1.030691742897033691e+00,-1.263891220092773438e+00,5.171440839767456055e-01,-5.203805565834045410e-01,5.615409016609191895e-01,1.033063232898712158e-01,-1.886247992515563965e+00,-1.791120469570159912e-01,-9.015486240386962891e-01,2.240987539291381836e+00,1.101030349731445312e+00,3.850521147251129150e-01,6.060165166854858398e-01,5.801506042480468750e-01,1.069429993629455566e+00,3.881070613861083984e-01,2.420141458511352539e+00,-1.370234936475753784e-01,2.007529973983764648e+00,-2.003626078367233276e-01,-1.604591488838195801e+00,-2.841726064682006836e+00,-4.693914353847503662e-01,1.533695578575134277e+00,-3.448843359947204590e-01,-2.907603979110717773e-01,-9.762119650840759277e-01,-2.919982194900512695e+00,-2.475992143154144287e-01,-1.614472389221191406e+00,1.997674226760864258e+00,2.780280113220214844e-01,3.021996021270751953e+00,1.339882016181945801e+00,1.536036431789398193e-01,-9.888308644294738770e-01,-3.754889369010925293e-01,5.285133719444274902e-01,9.390115737915039062e-02,-3.225120306015014648e-01,-1.039153456687927246e+00,2.966520309448242188e+00,-6.965954089537262917e-04,-1.603783726692199707e+00,-1.461763620376586914e+00,-4.894835054874420166e-01,1.013696789741516113e+00,1.119655370712280273e+00,9.359665513038635254e-01,8.394410014152526855e-01,-3.514358773827552795e-02,9.734734296798706055e-01,3.736940920352935791e-01,-1.015782475471496582e+00,-3.191479444503784180e+00,-2.806289196014404297e-01,4.362703859806060791e-02,-6.606759428977966309e-01,2.713893890380859375e+00,-5.723965167999267578e-01,-1.526115179061889648e+00,-5.061259269714355469e-01,2.314930707216262817e-01,-6.990883946418762207e-01,-4.658863246440887451e-01,-9.147644042968750000e-01,-5.321832895278930664e-01,3.402415812015533447e-01,-1.766263246536254883e+00,2.131346464157104492e+00,-1.751598358154296875e+00,-5.103982686996459961e-01,-2.208320140838623047e+00,1.662328124046325684e+00,7.485803961753845215e-01,1.171300530433654785e+00,-1.026336029171943665e-01,2.748940706253051758e+00,-1.808949828147888184e+00,-6.100780963897705078e-01,1.496918320655822754e+00,6.534729599952697754e-01,1.570909142494201660e+00,1.190301060676574707e+00,-2.879777848720550537e-01,-1.004248782992362976e-01,2.986565351486206055e+00,-1.082731246948242188e+00,-5.079149603843688965e-01,-1.959873586893081665e-01,1.233792185783386230e+00,-2.829101324081420898e+00,1.858933091163635254e+00,2.259047746658325195e+00,-2.116837650537490845e-01,1.935327984392642975e-02,-1.957386583089828491e-01,-1.822022199630737305e+00,-4.964187443256378174e-01,2.135881900787353516e+00,5.684953927993774414e-01,5.403324365615844727e-01,4.465407729148864746e-01,1.480513572692871094e+00,-3.087146043777465820e+00,-3.529365956783294678e-01,6.513828635215759277e-01,3.361135423183441162e-01,6.373206973075866699e-01,-1.986063420772552490e-01,-2.244687795639038086e+00,-3.196425363421440125e-02,3.387413024902343750e-01,1.837995648384094238e+00,1.186596751213073730e+00,1.090063899755477905e-01,5.841419696807861328e-01,4.077728837728500366e-02,-6.777120232582092285e-01,6.649216413497924805e-01,3.130856454372406006e-01,-1.185922503471374512e+00,7.778363227844238281e-01,1.729304194450378418e+00,-7.344862818717956543e-01
-4.230031371116638184e-01,9.720712900161743164e-01,2.860821969807147980e-02,-2.223262071609497070e+00,2.165479362010955811e-01,-1.035161256790161133e+00,2.439597845077514648e-01,9.197103977203369141e-01,2.886552810668945312e-01,-1.290590524673461914e+00,-3.759443163871765137e-01,-4.488596618175506592e-01,9.406725764274597168e-01,1.910063177347183228e-01,6.764162778854370117e-01,1.600515484809875488e+00,1.416067123413085938e+00,1.688424110412597656e+00,-7.712848782539367676e-01,-1.065323352813720703e+00,2.368099242448806763e-01,-2.650194406509399414e+00,-6.864455938339233398e-01,-1.758490681648254395e+00,2.265921592712402344e+00,-1.020892262458801270e+00,-2.418220043182373047e+00,8.144994080066680908e-02,-2.516032457351684570e+00,9.383277893066406250e-01,-3.355144023895263672e+00,-1.116620540618896484e+00,-4.179441928863525391e-01,5.800033807754516602e-01,-3.363141417503356934e-01,1.984153032302856445e+00,-1.556452661752700806e-01,-1.896227836608886719e+00,2.262246131896972656e+00,3.562992215156555176e-01,2.957264423370361328e+00,-1.845261573791503906e+00,3.951351344585418701e-01,-1.624626666307449341e-01,-8.752386569976806641e-01,-3.997361958026885986e-01,9.047731757164001465e-01,2.102031469345092773e+00,6.253107786178588867e-01,-4.542680680751800537e-01,-9.226848483085632324e-01,-1.317880153656005859e+00,5.264143347740173340e-01,-9.784297347068786621e-01,-9.216578006744384766e-01,-8.355191349983215332e-02,9.424761682748794556e-02,5.717380046844482422e-01,-4.475471973419189453e+00,-8.979436159133911133e-01,1.663606047630310059e+00,3.859349340200424194e-02,2.073797702789306641e+00,-3.248625278472900391e+00,-4.418410062789916992e-01,2.458893507719039917e-01,3.566833496093750000e+00,4.538908898830413818e-01,9.221105575561523438e-01,-2.210738509893417358e-01,-1.780400872230529785e+00,1.263926148414611816e+00,2.826121807098388672e+00,-5.731551051139831543e-01,9.593832492828369141e-01,-1.489307403564453125e+00,-2.574718713760375977e+00,9.448727220296859741e-02,1.189194321632385254e-01,1.006504058837890625e+00,2.593018770217895508e+00,2.610089540481567383e+00,-5.441971421241760254e-01,1.156975865364074707e+00,1.810003042221069336e+00,1.993736863136291504e+00,1.762016177177429199e+00,6.136996150016784668e-01,1.850118994712829590e+00,-2.192134708166122437e-01,1.510493010282516479e-01,2.895122170448303223e-01,-7.897586822509765625e-01,1.190805286169052124e-01,-1.412696003913879395e+00,-2.050509214401245117e+00,1.801533818244934082e+00,-7.429425120353698730e-01,-2.825851738452911377e-01,2.475616484880447388e-01,1.723361730575561523e+00,1.142557412385940552e-01,8.715481758117675781e-01,-1.183909252285957336e-01,-1.282748699188232422e+00,-8.570168018341064453e-01,3.493947982788085938e-01,2.345374673604965210e-01,3.521661758422851562e-01,-2.818992853164672852e+00,-2.353728771209716797e+00,-9.710215926170349121e-01,-1.205493688583374023e+00,1.811117291450500488e+00,1.062175750732421875e+00,-3.003097295761108398e+00,3.023298978805541992e-01,7.484428286552429199e-01,9.184371829032897949e-01,-1.221641063690185547e+00,1.738884806632995605e+00,-3.123555421829223633e+00,-7.524738311767578125e-01,1.107075810432434082e+00,6.988452076911926270e-01,1.701647281646728516e+00,2.163595438003540039e+00,2.579619549214839935e-02
1.058316588401794434e+00,-6.262707114219665527e-01,1.885237336158752441e+00,1.037954092025756836e+00,-7.405316829681396484e-01,2.418407797813415527e-01,-5.060886144638061523e-01,1.006658375263214111e-01,1.063519954681396484e+00,2.250904738903045654e-01,-9.258409589529037476e-02,-9.302206039428710938e-01,6.273800134658813477e-01,-1.378192007541656494e-01,7.044715285301208496e-01,1.750170946121215820e+00,8.395770192146301270e-02,2.132030963897705078e+00,1.876115798950195312e+00,-1.962293028831481934e+00,1.612512588500976562e+00,-1.162575960159301758e+00,9.897339344024658203e-01,-2.945139110088348389e-01,2.074760645627975464e-01,3.791185021400451660e-01,-1.006312489509582520e+00,1.526194095611572266e+00,-2.241243362426757812e+00,-3.120808362960815430e+00,6.295845508575439453e-01,2.602238655090332031e+00,2.444546520709991455e-01,3.099853277206420898e+00,2.455803394317626953e+00,-9.931863099336624146e-02,-1.542177796363830566e+00,-2.938799560070037842e-01,-5.413060262799263000e-02,-3.367128670215606689e-01,1.158805370330810547e+00,-1.061514735221862793e+00,2.738007307052612305e-01,3.702738881111145020e-01,1.863047957420349121e+00,-3.272349238395690918e-01,1.184043765068054199e+00,1.002472281455993652e+00,-1.116063833236694336e+00,4.994855448603630066e-02,1.444783955812454224e-01,6.076819300651550293e-01,9.491612911224365234e-01,7.502318620681762695e-01,5.139710307121276855e-01,-1.102244853973388672e+00,9.584895372390747070e-01,-7.910621911287307739e-02,7.916882634162902832e-01,-1.134211182594299316e+00,-1.041072845458984375e+00,-5.516546964645385742e-01,4.987275898456573486e-01,-7.118164300918579102e-01,2.452869176864624023e+00,-7.544566392898559570e-01,4.005310684442520142e-02,-1.030670046806335449e+00,1.111218571662902832e+00,-8.302111029624938965e-01,-1.018786787986755371e+00,8.013653755187988281e-01,-6.561490297317504883e-01,-3.869859874248504639e-01,-1.740784049034118652e+00,1.605324745178222656e-01,1.539774417877197266e+00,-1.335629463195800781e+00,4.569769203662872314e-01,2.086304724216461182e-01,-5.367721319198608398e-01,-1.271149396896362305e+00,-5.053962469100952148e-01,7.322167754173278809e-01,-2.350431919097900391e+00,-2.362321317195892334e-01,1.961478471755981445e+00,-9.068859219551086426e-01,1.531960487365722656e+00,2.664264202117919922e+00,6.373872756958007812e-01,-2.390213608741760254e-01,-8.752138614654541016e-01,1.328349947929382324e+00,4.174053072929382324e-01,3.350975811481475830e-01,-1.375227570533752441e-01,5.306777358055114746e-01,-3.337874650955200195e+00,5.951997637748718262e-01,-1.578341245651245117e+00,-4.234521090984344482e-01,1.130033135414123535e+00,-1.146427094936370850e-01,-3.201843500137329102e-01,-1.158668041229248047e+00,2.561522722244262695e-01,4.146870970726013184e-01,-3.515007197856903076e-01,4.230585396289825439e-01,1.362073659896850586e+00,1.346066892147064209e-01,-3.579789400100708008e-01,3.053416907787322998e-01,7.118437886238098145e-01,-4.651937484741210938e-01,7.389103770256042480e-01,-1.348136901855468750e+00,7.324334979057312012e-01,2.332976907491683960e-01,2.324352115392684937e-01,-7.987877726554870605e-01,9.476556181907653809e-01,-7.109071612358093262e-01,1.460656642913818359e+00,-8.327738046646118164e-01,1.653021335601806641e+00,3.373418748378753662e-01
1.407051444053649902e+00,6.876350641250610352e-01,-2.351288557052612305e+00,-1.980365753173828125e+00,1.853768229484558105e-01,-1.512549161911010742e+00,1.944259852170944214e-01,1.987702548503875732e-01,-3.582720458507537842e-01,-1.829647660255432129e+00,4.419381543993949890e-02,1.859434992074966431e-01,1.529283761978149414e+00,8.397758007049560547e-01,4.543472826480865479e-01,4.483412504196166992e-01,-4.319618225097656250e+00,7.898731827735900879e-01,3.384084224700927734e+00,-1.828000187873840332e+00,2.886493921279907227e+00,4.254787862300872803e-01,-4.341818988323211670e-01,-2.983794927597045898e+00,3.973089158535003662e-01,-3.874131441116333008e-01,9.411346912384033203e-01,-6.514368057250976562e-01,-1.359677791595458984e+00,-2.689993381500244141e+00,7.150485515594482422e-01,7.683895230293273926e-01,-2.500385046005249023e-01,2.397321701049804688e+00,-1.755356550216674805e+00,-2.207216978073120117e+00,7.610968947410583496e-01,-2.789496816694736481e-02,8.951125741004943848e-01,7.791588306427001953e-01,1.236593723297119141e+00,1.288694500923156738e+00,-7.805557250976562500e-01,-1.473799467086791992e+00,-3.610587418079376221e-01,7.430317401885986328e-01,2.528245747089385986e-01,-1.702627062797546387e+00,8.212230205535888672e-01,-9.965580105781555176e-01,-1.900202035903930664e+00,3.560408353805541992e+00,-1.363837957382202148e+00,-3.411495685577392578e-01,-2.371497899293899536e-01,-3.060024380683898926e-01,2.536838948726654053e-01,8.475747704505920410e-01,-1.930140852928161621e+00,1.006182312965393066e+00,9.817357659339904785e-01,-2.247586250305175781e+00,1.169083237648010254e+00,1.934528470039367676e+00,-5.199455618858337402e-01,2.753020524978637695e-01,2.412344217300415039e-01,-1.372794747352600098e+00,-8.989371657371520996e-01,1.475535273551940918e+00,8.883274197578430176e-01,5.754960179328918457e-01,-5.789836049079895020e-01,-1.178322672843933105e+00,-1.012327894568443298e-01,2.112559318542480469e+00,-4.744565486907958984e+00,1.816563248634338379e+00,1.754026710987091064e-01,-3.407641351222991943e-01,-7.765852808952331543e-01,3.201560974121093750e-01,-3.122952938079833984e+00,-1.995875954627990723e+00,7.770491838455200195e-01,3.306184411048889160e-01,-3.663217723369598389e-01,-1.798210978507995605e+00,-9.723100662231445312e-01,-1.042284846305847168e+00,-1.959195971488952637e+00,2.893931865692138672e+00,8.162194490432739258e-01,9.500458240509033203e-01,-1.655918359756469727e+00,-3.319296360015869141e+00,2.233494520187377930e+00,-2.319744348526000977e+00,-1.684791564941406250e+00,1.525178104639053345e-01,-3.137320280075073242e-01,-1.158619403839111328e+00,4.507955551147460938e+00,2.537319064140319824e-01,7.879891395568847656e-01,1.135286808013916016e+00,2.443986386060714722e-01,-2.408716201782226562e+00,-3.182353973388671875e-01,3.770229965448379517e-02,-7.512671351432800293e-01,-2.930709600448608398e+00,1.065196514129638672e+00,4.037232697010040283e-01,-8.875496983528137207e-01,4.104738533496856689e-01,-2.064725637435913086e+00,8.772520422935485840e-01,2.162127017974853516e+00,-1.676755309104919434e+00,-2.049826860427856445e+00,1.018618106842041016e+00,1.306361794471740723e+00,2.046518027782440186e-01,1.201697587966918945e+00,-2.158492654561996460e-01,2.708424031734466553e-01,-8.258734941482543945e-01
5.469341278076171875e-01,1.290852785110473633e+00,1.696514606475830078e+00,7.726234942674636841e-02,2.706380188465118408e-01,2.208728313446044922e+00,-1.083161160349845886e-01,1.694131344556808472e-01,2.156025648117065430e+00,3.402539789676666260e-01,-1.533824056386947632e-01,4.564438164234161377e-01,2.262973785400390625e+00,4.253777563571929932e-01,1.370765328407287598e+00,-7.901868820190429688e-01,-1.220492959022521973e+00,-8.870645761489868164e-01,-4.250074923038482666e-01,-1.587721347808837891e+00,6.667426824569702148e-01,3.243575692176818848e-01,-7.964359521865844727e-01,-9.786757230758666992e-01,-4.172947704792022705e-01,1.150851726531982422e+00,-2.149766921997070312e+00,4.919217228889465332e-01,-5.233938694000244141e-01,-9.506710618734359741e-02,7.185791134834289551e-01,-1.869415491819381714e-01,2.084993124008178711e+00,8.691378831863403320e-01,-2.174231708049774170e-01,2.767142355442047119e-01,2.289337873458862305e+00,1.055327355861663818e-01,6.004313826560974121e-01,-1.565821290016174316e+00,-1.065372601151466370e-01,-1.100567340850830078e+00,-8.808355033397674561e-02,-3.094377219676971436e-01,2.686658143997192383e+00,9.910002946853637695e-01,-2.080996990203857422e+00,6.461139768362045288e-02,-1.803406625986099243e-01,1.410208821296691895e+00,-5.186901092529296875e-01,-1.458525359630584717e-01,1.709973216056823730e-01,-5.988935828208923340e-01,2.369676828384399414e+00,-5.844189524650573730e-01,3.398803174495697021e-01,-3.071072995662689209e-01,-2.176436662673950195e+00,-2.425840497016906738e-02,-4.045441448688507080e-01,1.991635560989379883e+00,-3.231031417846679688e+00,1.794043034315109253e-01,4.284375190734863281e+00,7.633045315742492676e-01,-2.644973516464233398e+00,-4.781434535980224609e-01,1.059107899665832520e+00,1.151571512222290039e+00,2.104738354682922363e-02,7.107211351394653320e-01,4.622273147106170654e-01,-1.838641762733459473e-01,-6.958534121513366699e-01,-3.545657873153686523e+00,-2.335015535354614258e+00,1.893512725830078125e+00,2.436786174774169922e+00,3.768038153648376465e-01,1.857594251632690430e+00,1.324669957160949707e+00,-8.495829254388809204e-02,1.455207824707031250e+00,-1.560125499963760376e-01,9.517638385295867920e-02,1.715553998947143555e+00,-1.422946691513061523e+00,5.026297569274902344e-01,1.511163115501403809e+00,1.508393287658691406e-01,6.544708013534545898e-01,1.349288225173950195e+00,-9.130296707153320312e-01,1.112690567970275879e+00,1.278940588235855103e-01,2.332731008529663086e+00,-6.052399873733520508e-01,4.051321446895599365e-01,1.122476831078529358e-01,6.780850291252136230e-01,-2.864425420761108398e+00,2.267591476440429688e+00,-2.431465625762939453e+00,-1.405853629112243652e-01,1.650438189506530762e+00,-9.372092485427856445e-01,-1.285341620445251465e+00,-8.051438331604003906e-01,1.238346457481384277e+00,-2.320273071527481079e-01,3.210061073303222656e+00,7.979333996772766113e-01,-7.671250700950622559e-01,-4.857032895088195801e-01,-2.034715116024017334e-01,8.181490898132324219e-01,-1.341943621635437012e+00,1.055960655212402344e+00,-1.841099143028259277e+00,7.088167071342468262e-01,-1.082749605178833008e+00,2.142612785100936890e-01,3.160068094730377197e-01,-9.808143377304077148e-01,7.084037065505981445e-01,2.630521357059478760e-01,5.832567811012268066e-01
