2.445164918899536133e-01,3.386406898498535156e-01,-1.076908633112907410e-01,-1.177923455834388733e-01,-2.942025661468505859e-01,-1.645884513854980469e-01,-2.494245022535324097e-01,3.854199349880218506e-01,1.775008440017700195e-01,-1.321346610784530640e-01,-1.036038026213645935e-01,1.395773738622665405e-01,-4.182400107383728027e-01,-3.674244880676269531e-01,-2.296960055828094482e-01,-2.100852131843566895e-01,-9.283340722322463989e-02,2.083224058151245117e-01,-2.875298559665679932e-01,-2.424703389406204224e-01,3.029971718788146973e-01,2.228023111820220947e-02,-2.815172076225280762e-01,6.728875637054443359e-02,1.213623583316802979e-01,2.441081106662750244e-01,4.201156795024871826e-01,-2.292327135801315308e-01,-3.641396164894104004e-01,1.747567802667617798e-01,8.463800698518753052e-02,4.042256176471710205e-01,-3.584195077419281006e-01,6.688395142555236816e-02,2.550196088850498199e-02,-4.357605278491973877e-01,-3.485931754112243652e-01,4.040764272212982178e-01,-7.851195335388183594e-02,1.121019646525382996e-01,-2.170155942440032959e-01,-3.579244017601013184e-01,2.425739765167236328e-01,-4.402825832366943359e-01,-1.050072982907295227e-01,-3.584798872470855713e-01,-3.939810767769813538e-02,1.521738171577453613e-01,1.050824746489524841e-01,-9.205256402492523193e-02,3.122707605361938477e-01,4.206382334232330322e-01,-1.042082458734512329e-01,2.870286405086517334e-01,-1.733023673295974731e-02,-3.393709957599639893e-01,3.413120284676551819e-02,-4.916072264313697815e-02,-3.663390278816223145e-01,-3.423292636871337891e-01,2.273623347282409668e-01,-1.156749054789543152e-01,-3.532254099845886230e-01,-1.663780361413955688e-01,1.151971593499183655e-01,-8.533085882663726807e-02,-2.289292588829994202e-02,-1.539992243051528931e-01,3.619752526283264160e-01,4.494512081146240234e-02,-2.326561138033866882e-02,2.859194763004779816e-02,-5.707910656929016113e-02,3.976680934429168701e-01,1.655907779932022095e-01,4.200462400913238525e-01,-1.868660300970077515e-01,-3.999694287776947021e-01,2.533394098281860352e-01,-7.822272181510925293e-02,-3.878823816776275635e-01,4.093013107776641846e-01,2.256101220846176147e-01,-4.339909851551055908e-01,2.838328778743743896e-01,-2.831144928932189941e-01,1.828305572271347046e-01,-1.363797634840011597e-01,-8.796489983797073364e-02,-3.305287361145019531e-01,3.207554221153259277e-01,2.663645148277282715e-01,1.647204905748367310e-02,-4.219486191868782043e-02,-3.602201938629150391e-01,-3.554559350013732910e-01,3.479087352752685547e-01,2.899091839790344238e-01,1.694393903017044067e-02,-3.110378980636596680e-01,1.805604547262191772e-01,2.249214798212051392e-02,-1.169854076579213142e-03,-2.914279103279113770e-01,-9.708299487829208374e-02,2.400330901145935059e-01,-4.035027027130126953e-01,-3.872227966785430908e-01,-2.325778752565383911e-01,2.499196678400039673e-01,-3.093329668045043945e-01,1.550831347703933716e-01,3.451022878289222717e-02,7.829423248767852783e-02,9.007506817579269409e-02,-2.863995432853698730e-01,-2.852225489914417267e-02,2.290311604738235474e-01,1.145044043660163879e-01,2.866486012935638428e-01,2.426702976226806641e-01,1.721203476190567017e-01,-3.163073062896728516e-01,3.419136404991149902e-01,-4.282463490962982178e-01,-3.618855774402618408e-01,-2.896874845027923584e-01,-3.359474539756774902e-01
-1.178075149655342102e-01,-3.644086718559265137e-01,1.463945955038070679e-01,-9.333587437868118286e-02,-2.885859310626983643e-01,-2.150546908378601074e-01,3.568840324878692627e-01,-2.317463010549545288e-01,2.042350769042968750e-01,1.104057207703590393e-01,2.467846870422363281e-01,3.280689418315887451e-01,3.613598942756652832e-01,2.650342583656311035e-01,2.374034523963928223e-01,1.919095814228057861e-01,-2.147225588560104370e-01,-2.394405156373977661e-01,3.541532903909683228e-02,5.866082757711410522e-02,-3.197667896747589111e-01,-8.261144906282424927e-02,-2.828127741813659668e-01,-3.130329847335815430e-01,-1.678363084793090820e-01,-3.885703161358833313e-02,3.137838244438171387e-01,-4.004847705364227295e-01,3.442966639995574951e-01,-3.592411577701568604e-01,-2.653019428253173828e-01,-2.059783190488815308e-01,1.221449747681617737e-01,1.613979637622833252e-01,-3.994422554969787598e-01,-3.848987221717834473e-01,1.706031709909439087e-01,1.889863163232803345e-01,-3.118853271007537842e-01,8.790486305952072144e-02,-3.548342883586883545e-01,1.386993229389190674e-01,3.648658096790313721e-01,-2.943136692047119141e-01,3.907044529914855957e-01,2.856028676033020020e-01,-4.178410768508911133e-02,3.391131758689880371e-01,-2.320763468742370605e-01,-3.007459938526153564e-01,3.465298712253570557e-01,-3.713908493518829346e-01,2.260056138038635254e-01,1.748297810554504395e-01,3.601622283458709717e-01,2.685282528400421143e-01,2.142339646816253662e-01,2.006286568939685822e-02,-2.289713621139526367e-01,1.461796909570693970e-01,-3.693754076957702637e-01,2.287332434207201004e-03,2.935138717293739319e-02,3.097310960292816162e-01,1.131117343902587891e-02,2.323154807090759277e-01,2.020382694900035858e-02,-7.144008576869964600e-02,4.224482178688049316e-02,2.454663962125778198e-01,-3.023200035095214844e-01,-2.149487882852554321e-01,2.230306714773178101e-01,3.464709222316741943e-01,-3.732841610908508301e-01,-3.391111195087432861e-01,-2.733984589576721191e-01,4.569331556558609009e-02,-2.718542516231536865e-01,3.709113299846649170e-01,2.301072478294372559e-01,-1.545393168926239014e-01,1.894159466028213501e-01,1.609484255313873291e-01,-7.796412706375122070e-02,-2.507557272911071777e-01,-2.172095030546188354e-01,-2.951437234878540039e-02,-1.955582201480865479e-01,-3.036139309406280518e-01,3.808592259883880615e-01,-4.540002346038818359e-02,-2.216433882713317871e-01,3.921636044979095459e-01,2.702177762985229492e-01,1.812368780374526978e-01,-3.906464278697967529e-01,3.131740093231201172e-01,-1.138918101787567139e-01,-2.208846062421798706e-01,-2.636825740337371826e-01,1.620472222566604614e-01,1.714829951524734497e-01,3.836321532726287842e-01,2.322564423084259033e-01,3.839365243911743164e-01,3.366132080554962158e-01,-3.301995396614074707e-01,-6.962863355875015259e-02,-3.508214056491851807e-01,1.104269549250602722e-01,2.664292752742767334e-01,-7.368880510330200195e-02,1.559060811996459961e-01,-9.012301452457904816e-03,-2.210212498903274536e-01,3.417086601257324219e-01,-4.073731303215026855e-01,2.582953870296478271e-02,-3.791641071438789368e-02,-2.157660275697708130e-01,-2.128757983446121216e-01,-3.172933459281921387e-01,2.089925408363342285e-01,3.695458769798278809e-01,9.587968140840530396e-02,-3.160707652568817139e-01,-2.859173119068145752e-01
-2.674008011817932129e-01,3.113524317741394043e-01,-3.351825773715972900e-01,2.179245464503765106e-02,-9.590545296669006348e-02,3.313211500644683838e-01,-6.897957623004913330e-02,3.705044388771057129e-01,-1.200390458106994629e-01,-1.772513687610626221e-01,5.687537044286727905e-02,-8.747577667236328125e-02,3.831772208213806152e-01,-1.416159719228744507e-01,4.633726552128791809e-02,-1.288192570209503174e-01,-1.133545190095901489e-01,-1.798613965511322021e-01,4.827053099870681763e-02,-5.156067386269569397e-02,1.595887690782546997e-01,-3.462454378604888916e-01,-2.284101694822311401e-01,2.091448158025741577e-01,2.348112761974334717e-01,-1.433622092008590698e-01,-8.932689577341079712e-02,4.018166661262512207e-02,2.609348297119140625e-01,3.560650944709777832e-01,-2.847337126731872559e-01,3.006059229373931885e-01,-2.687678635120391846e-01,-2.304505705833435059e-01,-3.551704287528991699e-01,-8.648331463336944580e-02,2.803195416927337646e-01,-1.896308064460754395e-01,-2.428579479455947876e-01,-3.206894993782043457e-01,1.992695182561874390e-01,-3.700699806213378906e-01,-5.157366394996643066e-02,-2.949789762496948242e-01,-3.151831924915313721e-01,2.790462970733642578e-01,6.311301887035369873e-02,8.070991933345794678e-02,2.604921162128448486e-01,3.248252719640731812e-02,-1.298421323299407959e-01,7.018182426691055298e-02,-1.214412897825241089e-01,4.029910638928413391e-02,-3.247381746768951416e-02,-8.805786073207855225e-02,-7.991540431976318359e-02,-2.882221043109893799e-01,2.963232994079589844e-01,1.549628674983978271e-01,-1.140655726194381714e-01,-2.044018507003784180e-01,-7.512728124856948853e-02,2.195893377065658569e-01,2.368728965520858765e-01,2.548622190952301025e-01,-1.702777296304702759e-02,-1.751094013452529907e-01,3.693058788776397705e-01,2.657246962189674377e-02,3.460415601730346680e-01,7.054921984672546387e-02,-6.046642363071441650e-02,3.758969902992248535e-02,-2.808151841163635254e-01,-3.902982175350189209e-02,4.109879136085510254e-01,3.560737669467926025e-01,-3.590712249279022217e-01,2.961634099483489990e-01,3.800222575664520264e-01,9.880854934453964233e-02,4.083881676197052002e-01,3.696758449077606201e-01,1.647471189498901367e-01,-3.205005526542663574e-01,4.074931144714355469e-01,3.474495708942413330e-01,-3.503054380416870117e-01,1.135486513376235962e-01,2.269506752490997314e-01,-2.435909584164619446e-02,-3.503582477569580078e-01,2.784798741340637207e-01,-2.855758070945739746e-01,3.891736865043640137e-01,-2.162993997335433960e-01,-1.041405349969863892e-01,2.041743099689483643e-01,-5.715592578053474426e-02,1.144961565732955933e-01,3.456745445728302002e-01,-3.775224983692169189e-01,2.728049457073211670e-01,-3.664811551570892334e-01,-3.779577612876892090e-01,-1.373931318521499634e-01,3.857887685298919678e-01,-4.863104969263076782e-02,3.990992903709411621e-01,4.788001999258995056e-02,-4.137216806411743164e-01,-7.474438846111297607e-02,-2.441205084323883057e-01,-3.439999818801879883e-01,3.649010956287384033e-01,-3.736546933650970459e-01,-3.106650412082672119e-01,-4.344192445278167725e-01,-6.446737330406904221e-03,3.858817517757415771e-01,4.033625721931457520e-01,3.661290705204010010e-01,1.135010272264480591e-01,2.697336971759796143e-01,-2.461003214120864868e-01,3.218144178390502930e-01,2.014024369418621063e-02
1.209404543042182922e-01,1.826025843620300293e-01,4.562295600771903992e-02,3.481506705284118652e-01,-3.009614050388336182e-01,-7.810919731855392456e-02,-1.875592470169067383e-01,6.219718139618635178e-03,2.069665491580963135e-02,-2.868986427783966064e-01,-3.815506696701049805e-01,3.066696517635136843e-04,3.640900850296020508e-01,-2.605368196964263916e-01,4.802599549293518066e-02,1.620355434715747833e-02,1.776901781558990479e-01,-1.668339669704437256e-01,-3.026966452598571777e-01,1.881539821624755859e-01,-4.413268342614173889e-02,1.687127398326992989e-03,6.478975713253021240e-02,3.557521700859069824e-01,-3.085308670997619629e-01,3.330262303352355957e-01,-7.438186556100845337e-02,1.652573496103286743e-01,4.045899212360382080e-01,2.273223996162414551e-01,-3.674109578132629395e-01,-2.812430858612060547e-01,-2.769511640071868896e-01,1.743676662445068359e-01,2.341107875108718872e-01,4.232205450534820557e-01,2.409381568431854248e-01,-1.250724960118532181e-02,-1.777948886156082153e-01,-6.520704925060272217e-02,-4.450466111302375793e-02,-6.011251732707023621e-02,-2.603373527526855469e-01,-3.691715002059936523e-01,-2.783509343862533569e-02,-7.774111628532409668e-02,-3.598091900348663330e-01,2.062741219997406006e-01,3.960405588150024414e-01,2.513914108276367188e-01,-3.447629511356353760e-01,-4.664892703294754028e-02,3.928320109844207764e-02,-8.390330523252487183e-02,3.115393221378326416e-01,-3.768295347690582275e-01,-8.339682966470718384e-02,-4.345263838768005371e-01,1.288660466670989990e-01,2.018549246713519096e-03,-1.365453451871871948e-01,3.804796040058135986e-01,-3.180215358734130859e-01,2.182915806770324707e-01,2.323726415634155273e-01,-4.098979234695434570e-01,3.920827209949493408e-01,3.255390524864196777e-01,4.140465259552001953e-01,-6.922969222068786621e-02,8.013130165636539459e-03,3.297222033143043518e-02,2.538311183452606201e-01,3.308253288269042969e-01,-3.896350860595703125e-01,-1.016107723116874695e-01,-1.447939872741699219e-01,-2.985533177852630615e-01,1.522954404354095459e-01,-3.970104157924652100e-01,-1.165705174207687378e-01,2.950693070888519287e-01,4.026352986693382263e-02,-3.719055056571960449e-01,-2.800030112266540527e-01,1.287228465080261230e-01,3.184238076210021973e-01,6.479347497224807739e-02,3.469618856906890869e-01,1.513953357934951782e-01,1.469864249229431152e-01,-4.140413105487823486e-01,-1.484996527433395386e-01,3.038482964038848877e-01,-5.333661288022994995e-02,1.549268960952758789e-01,-1.160096898674964905e-01,7.456764578819274902e-02,-1.173575669527053833e-01,3.313930630683898926e-01,-2.342895865440368652e-01,2.174588590860366821e-01,3.346248269081115723e-01,3.266460895538330078e-01,2.240480184555053711e-01,-2.960366606712341309e-01,1.559150498360395432e-02,-1.532642692327499390e-01,1.284301728010177612e-01,-3.518802821636199951e-01,3.942787051200866699e-01,1.692186743021011353e-01,-3.652024567127227783e-01,-3.322809338569641113e-01,5.927908048033714294e-02,3.992347717285156250e-01,-7.024293392896652222e-02,-2.143364585936069489e-02,3.213771879673004150e-01,3.482851982116699219e-01,3.606907427310943604e-01,-3.379699289798736572e-01,-6.644252687692642212e-02,-1.419535726308822632e-01,-2.832534015178680420e-01,2.902470827102661133e-01,-2.973257899284362793e-01,3.401810526847839355e-01
1.584146469831466675e-01,-2.932405471801757812e-01,-1.128568574786186218e-01,-1.008075177669525146e-01,-3.280254900455474854e-01,2.332700192928314209e-01,3.430907726287841797e-01,1.715227812528610229e-01,-1.436822265386581421e-01,3.755949810147285461e-02,-1.152427271008491516e-01,-2.127753645181655884e-01,-2.876867949962615967e-01,-1.130025610327720642e-01,1.470498442649841309e-01,-2.682522833347320557e-01,2.290989756584167480e-01,-3.237109780311584473e-01,4.321338832378387451e-01,4.039828777313232422e-01,-2.311839461326599121e-01,-3.433218300342559814e-01,-1.176751628518104553e-01,2.093498557806015015e-01,-2.907036542892456055e-01,-3.650203645229339600e-01,-4.200991988182067871e-02,2.581334412097930908e-01,-1.234405264258384705e-01,2.735918760299682617e-01,1.581990718841552734e-01,-3.094709217548370361e-01,2.019738852977752686e-01,3.796757757663726807e-01,-3.633029460906982422e-01,-2.303771078586578369e-01,9.409990906715393066e-02,2.026373296976089478e-01,-2.946060001850128174e-01,-4.855643957853317261e-02,2.449485808610916138e-01,-1.255766837857663631e-03,2.141264975070953369e-01,2.203269451856613159e-01,-2.719699740409851074e-01,1.442866623401641846e-01,3.396742343902587891e-01,2.244490832090377808e-01,-3.507965505123138428e-01,6.236428022384643555e-02,-2.328930199146270752e-01,1.026366427540779114e-01,1.029449142515659332e-02,3.563759028911590576e-01,1.420624405145645142e-01,5.333539098501205444e-02,3.523659408092498779e-01,3.253554701805114746e-01,3.909133672714233398e-01,3.229751288890838623e-01,1.079904213547706604e-01,-3.396204486489295959e-02,-2.450444996356964111e-01,3.879902362823486328e-01,8.904633671045303345e-02,-3.943989872932434082e-01,3.146157562732696533e-01,3.988851904869079590e-01,-2.118920981884002686e-01,-8.141069859266281128e-02,-4.054189622402191162e-01,2.689940333366394043e-01,1.723569333553314209e-01,-3.191683292388916016e-01,-1.307824999094009399e-01,1.905450671911239624e-01,3.677914440631866455e-01,3.714110255241394043e-01,-2.586744725704193115e-01,-4.103001952171325684e-01,-2.646177709102630615e-01,1.161052137613296509e-01,1.956074731424450874e-03,5.411439109593629837e-03,-3.896080255508422852e-01,3.188108503818511963e-01,4.074469506740570068e-01,1.252485811710357666e-01,-5.710251256823539734e-02,-2.704223990440368652e-01,-3.351426124572753906e-01,5.922560766339302063e-02,9.475184231996536255e-02,-3.144536912441253662e-01,3.993413969874382019e-02,-3.227201402187347412e-01,-1.537774503231048584e-02,1.701348274946212769e-01,-2.308918982744216919e-01,-3.716416954994201660e-01,3.811332583427429199e-01,-2.986325323581695557e-01,2.687056660652160645e-01,3.542055487632751465e-01,2.430907934904098511e-01,2.625805735588073730e-01,7.216783612966537476e-02,-2.250847872346639633e-03,-8.673717826604843140e-02,4.055895209312438965e-01,-3.900624811649322510e-02,-4.284719228744506836e-01,1.357894837856292725e-01,-3.433956503868103027e-01,4.104890227317810059e-01,-2.615914344787597656e-01,-1.397468745708465576e-01,1.026732027530670166e-01,3.720739483833312988e-02,-1.259601414203643799e-01,-1.563721448183059692e-01,2.463036924600601196e-01,2.954931855201721191e-01,-2.839234173297882080e-01,-3.091492652893066406e-01,-4.117301702499389648e-01,-3.734088242053985596e-01,1.400676518678665161e-01
-3.602083325386047363e-01,2.858466207981109619e-01,-1.701619923114776611e-01,6.436892598867416382e-02,7.197928614914417267e-03,9.607729315757751465e-02,-1.190811675041913986e-02,4.045603573322296143e-01,-4.052059352397918701e-01,-2.428585886955261230e-01,3.658570349216461182e-01,-1.271899044513702393e-01,1.017440184950828552e-01,-9.157668054103851318e-02,-2.863111793994903564e-01,-1.138799414038658142e-01,1.274636983871459961e-01,1.760824955999851227e-02,-3.397108316421508789e-01,3.272433280944824219e-01,-3.093283772468566895e-01,1.863415539264678955e-01,2.649592161178588867e-01,-3.755984604358673096e-01,2.692136764526367188e-01,3.234746754169464111e-01,-2.652064561843872070e-01,4.055263102054595947e-01,-1.183981522917747498e-01,4.258829653263092041e-01,-4.394412934780120850e-01,-2.623043060302734375e-01,-2.417253404855728149e-01,2.988633513450622559e-01,-8.316882699728012085e-02,3.169124424457550049e-01,-2.929080128669738770e-01,1.949573457241058350e-01,2.817642390727996826e-01,1.509226560592651367e-01,5.867095198482275009e-03,6.561154127120971680e-02,2.158541530370712280e-01,2.578603029251098633e-01,2.607362866401672363e-01,-4.272833000868558884e-03,-2.786456607282161713e-02,-1.199035122990608215e-01,4.803039878606796265e-02,-6.487580388784408569e-02,2.819932401180267334e-01,-2.281931936740875244e-01,9.048540145158767700e-02,5.441362783312797546e-02,-2.259241044521331787e-01,-7.415472716093063354e-02,1.062336266040802002e-01,-7.811518013477325439e-02,2.861359417438507080e-01,-1.943000704050064087e-01,-3.535574078559875488e-01,2.173935920000076294e-01,-3.314044699072837830e-02,-1.319950371980667114e-01,-3.425551056861877441e-01,-5.463338457047939301e-03,-2.005901783704757690e-01,4.141035974025726318e-01,-2.979782223701477051e-01,3.926802873611450195e-01,-2.594582140445709229e-01,-1.708268374204635620e-02,-1.777785420417785645e-01,-4.080251157283782959e-01,4.255482256412506104e-01,-1.732544749975204468e-01,1.764770448207855225e-01,-1.290090829133987427e-01,-4.812800511717796326e-02,4.087142944335937500e-01,4.007957279682159424e-01,-3.992719352245330811e-01,1.934980303049087524e-01,-3.806361854076385498e-01,-2.350020557641983032e-01,-9.109824150800704956e-02,1.068858727812767029e-01,-4.080797135829925537e-01,-2.734288806095719337e-03,1.132398191839456558e-02,1.707028299570083618e-01,2.314722165465354919e-02,-2.455697953701019287e-01,2.658873200416564941e-01,-3.385857045650482178e-01,2.591557204723358154e-01,-2.643041014671325684e-01,-4.085316658020019531e-01,-1.467857211828231812e-01,-8.727431297302246094e-03,-3.903596103191375732e-01,2.559750080108642578e-01,3.281106948852539062e-01,-5.039477720856666565e-03,3.354376256465911865e-01,3.353453874588012695e-01,3.865410089492797852e-01,-3.550522923469543457e-01,1.805609762668609619e-01,1.286766976118087769e-01,-3.719899654388427734e-01,1.898532211780548096e-01,3.007763996720314026e-02,4.164866805076599121e-01,-1.238240972161293030e-01,-1.355798393487930298e-01,-3.289254009723663330e-01,2.676613628864288330e-01,-3.156571984291076660e-01,-4.298833757638931274e-02,2.625414133071899414e-01,-5.523691698908805847e-02,-1.899876445531845093e-01,-6.193906068801879883e-03,-3.427219018340110779e-02,2.122871764004230499e-02,-2.873007059097290039e-01,4.200998842716217041e-01
-3.272022604942321777e-01,1.328680664300918579e-01,3.022118806838989258e-01,-4.068450629711151123e-02,-7.711096853017807007e-02,3.421580791473388672e-01,8.083964139223098755e-02,-3.348346948623657227e-01,4.337128102779388428e-01,5.780981108546257019e-02,3.562886714935302734e-01,-4.285673797130584717e-01,-3.990867137908935547e-01,3.537562787532806396e-01,2.023814432322978973e-02,2.289602905511856079e-01,-3.212266266345977783e-01,-3.181231021881103516e-01,6.326063722372055054e-02,-2.408428937196731567e-01,2.398893237113952637e-01,-1.640876680612564087e-01,-2.427406609058380127e-01,2.940485775470733643e-01,3.030476570129394531e-01,2.843367755413055420e-01,-3.004286885261535645e-01,-3.107303380966186523e-01,-3.658851981163024902e-01,-2.039449363946914673e-01,2.211277037858963013e-01,1.418850123882293701e-01,3.427791595458984375e-01,-3.136178553104400635e-01,3.185651302337646484e-01,-1.738591492176055908e-01,1.946459561586380005e-01,4.064773023128509521e-01,4.180304706096649170e-01,-2.369180023670196533e-01,-1.808351576328277588e-01,2.738791704177856445e-01,-2.311855182051658630e-02,-1.307631731033325195e-01,2.502246201038360596e-01,-2.348229438066482544e-01,-2.373186126351356506e-02,2.173965871334075928e-01,-2.709339857101440430e-01,3.724271357059478760e-01,-2.436536848545074463e-01,-7.076055556535720825e-02,1.793834120035171509e-01,-2.532202899456024170e-01,1.470562964677810669e-01,2.106452286243438721e-01,-2.842313051223754883e-01,1.527609527111053467e-01,1.393249928951263428e-01,1.075847893953323364e-01,2.980950474739074707e-01,2.106252461671829224e-01,1.087602321058511734e-02,-2.749029695987701416e-01,-1.004108116030693054e-01,-4.697221517562866211e-02,-3.891566693782806396e-01,1.581372171640396118e-01,-1.214343830943107605e-01,-2.651642542332410812e-03,-2.077524662017822266e-01,-1.753246784210205078e-01,-2.758965194225311279e-01,3.839419484138488770e-01,-2.239281833171844482e-01,-1.385203450918197632e-01,3.298376202583312988e-01,-2.843816876411437988e-01,1.523346304893493652e-01,4.868283402174711227e-03,2.205920368432998657e-01,2.313873469829559326e-01,-4.108748212456703186e-02,1.140248551964759827e-01,-3.206008076667785645e-01,5.359522625803947449e-02,1.737850606441497803e-01,-4.123462438583374023e-01,-2.404520064592361450e-01,1.034877146594226360e-03,3.449666500091552734e-01,-2.725379467010498047e-01,3.608349263668060303e-01,3.624093234539031982e-01,-1.523678749799728394e-01,1.965610384941101074e-01,4.589928314089775085e-02,-3.318012356758117676e-01,-2.337577939033508301e-01,7.038339972496032715e-02,8.251563459634780884e-02,-1.284628659486770630e-01,2.356482446193695068e-01,-2.626801729202270508e-01,-4.317765831947326660e-01,-2.119219750165939331e-01,-1.933391988277435303e-01,-9.675084799528121948e-02,1.700965464115142822e-01,8.016981184482574463e-02,-3.051788806915283203e-01,-2.032422423362731934e-01,-3.133258819580078125e-01,-2.918054163455963135e-01,-3.829132914543151855e-01,7.729878276586532593e-02,1.499664336442947388e-01,3.271381855010986328e-01,3.314485251903533936e-01,-3.400370776653289795e-01,2.213984280824661255e-01,4.121812880039215088e-01,-3.542541563510894775e-01,9.235652536153793335e-02,9.439620189368724823e-03,2.225714176893234253e-01,-2.069418579339981079e-01,-1.052380800247192383e-01
-1.091197039932012558e-02,2.221814692020416260e-01,3.232975304126739502e-01,-6.890381127595901489e-02,3.970505893230438232e-01,2.911942601203918457e-01,4.223128557205200195e-01,3.295486569404602051e-01,3.423507213592529297e-01,-1.577002257108688354e-01,-4.948697984218597412e-02,-1.935745030641555786e-02,-1.253883540630340576e-01,-1.070636585354804993e-01,3.480182290077209473e-01,-8.983595669269561768e-02,-1.165953874588012695e-01,2.953100800514221191e-01,3.585425019264221191e-01,-1.146761402487754822e-01,-3.793569207191467285e-01,-2.242817878723144531e-01,3.359059095382690430e-01,-2.248809039592742920e-01,1.303939074277877808e-01,-4.280146956443786621e-01,-1.018032431602478027e-01,3.196201920509338379e-01,3.450867533683776855e-01,-1.165901124477386475e-01,3.187064230442047119e-01,2.265715412795543671e-02,3.967279791831970215e-01,-1.062055826187133789e-01,4.326998293399810791e-01,-9.508496522903442383e-02,-4.296485483646392822e-01,2.307977974414825439e-01,2.806812524795532227e-01,3.459239602088928223e-01,3.661422431468963623e-01,-6.935209035873413086e-02,-3.637018054723739624e-02,-1.005302444100379944e-01,2.618589103221893311e-01,-3.568614125251770020e-01,-3.210151791572570801e-01,2.929273247718811035e-01,1.132620051503181458e-01,-2.726840078830718994e-01,-6.734047085046768188e-02,-7.966071367263793945e-02,9.581976383924484253e-02,1.214445456862449646e-01,-3.630585968494415283e-01,1.419233679771423340e-01,-3.824839293956756592e-01,-4.037441015243530273e-01,1.544681657105684280e-02,3.347836136817932129e-01,3.008200526237487793e-01,-1.451550144702196121e-02,5.630700662732124329e-02,1.958378851413726807e-01,-5.395436659455299377e-02,-6.643834523856639862e-03,4.546358436346054077e-02,-1.201263144612312317e-01,-4.006159305572509766e-02,-4.469675570726394653e-02,3.968172967433929443e-01,-3.437612652778625488e-01,2.911406755447387695e-01,1.022161543369293213e-02,3.066143095493316650e-01,-2.153796851634979248e-01,2.487044483423233032e-01,3.675372600555419922e-01,-2.841080427169799805e-01,2.375033646821975708e-01,2.736899554729461670e-01,4.797138273715972900e-02,-4.413855969905853271e-01,2.883043587207794189e-01,5.411503091454505920e-02,-5.865538492798805237e-02,2.608706057071685791e-01,-1.204032376408576965e-01,-1.802216768264770508e-01,-2.560769021511077881e-01,-4.004619717597961426e-01,2.022358775138854980e-01,-3.133892416954040527e-01,-6.429353961721062660e-04,2.672287821769714355e-01,2.668780386447906494e-01,2.885057628154754639e-01,-2.808337099850177765e-02,1.278863996267318726e-01,-2.290118336677551270e-01,-1.731892079114913940e-01,-2.989247143268585205e-01,-2.664889395236968994e-01,-2.677288055419921875e-01,1.765030026435852051e-01,-4.037779569625854492e-01,2.487532943487167358e-01,-1.084201131016016006e-02,1.555770486593246460e-01,8.770207315683364868e-02,5.249077454209327698e-02,1.613559573888778687e-02,-2.981174886226654053e-01,-2.994028627872467041e-01,2.661374807357788086e-01,2.778957486152648926e-01,3.446546494960784912e-01,-3.907097876071929932e-01,-2.592695951461791992e-01,-9.278615936636924744e-03,1.194112151861190796e-01,-2.610444724559783936e-01,-3.667333424091339111e-01,2.884633541107177734e-01,-5.779387429356575012e-02,-4.125177487730979919e-02,-3.655842542648315430e-01,3.380461931228637695e-01
2.207977175712585449e-01,-4.161714315414428711e-01,-2.815321087837219238e-01,3.220140337944030762e-01,4.209541901946067810e-02,1.479474604129791260e-01,3.914847671985626221e-01,-1.987392902374267578e-01,-2.344368994235992432e-01,-2.822764217853546143e-01,2.122127562761306763e-01,-1.619686186313629150e-01,-3.678852021694183350e-01,-2.808066010475158691e-01,-3.715482950210571289e-01,3.585191667079925537e-01,-2.303782105445861816e-02,3.880562782287597656e-01,-2.723861634731292725e-01,-7.851853966712951660e-02,3.232582509517669678e-01,2.594192028045654297e-01,2.017486393451690674e-01,-6.907389312982559204e-02,-3.420105874538421631e-01,3.298718631267547607e-01,5.883471295237541199e-02,7.702953368425369263e-02,3.552965819835662842e-01,3.610912263393402100e-01,-4.762050881981849670e-02,2.032381296157836914e-01,3.245205283164978027e-01,-8.063619583845138550e-02,4.243794083595275879e-02,7.847853749990463257e-02,-3.160568177700042725e-01,3.919574916362762451e-01,-5.795902013778686523e-02,1.049633026123046875e-01,7.827199995517730713e-02,4.060933738946914673e-02,1.095027029514312744e-01,-1.283405721187591553e-01,-1.408841013908386230e-01,3.388308584690093994e-01,-1.367028653621673584e-01,-2.222937941551208496e-01,-3.592150053009390831e-03,-3.485041558742523193e-01,2.533161342144012451e-01,-4.282644391059875488e-01,-9.334811568260192871e-02,1.418691128492355347e-01,3.900917172431945801e-01,-1.043906286358833313e-01,-1.155158504843711853e-01,1.940028741955757141e-02,-6.243445724248886108e-02,4.392968490719795227e-03,5.387524142861366272e-02,3.642888367176055908e-01,-3.962785005569458008e-02,-2.050741203129291534e-02,8.798906207084655762e-02,-1.075998097658157349e-01,1.055055558681488037e-01,3.207952380180358887e-01,-2.822687923908233643e-01,-9.366343915462493896e-02,-3.030341863632202148e-01,-2.697509527206420898e-01,1.583991795778274536e-01,-1.369049102067947388e-01,2.171081751585006714e-01,1.523716151714324951e-01,1.725400090217590332e-01,-1.160535439848899841e-01,4.018093049526214600e-01,-9.401927702128887177e-03,-1.541272550821304321e-01,2.705000936985015869e-01,-9.518444538116455078e-03,-3.862938880920410156e-01,2.885835170745849609e-01,2.087918519973754883e-01,-3.170998394489288330e-01,-3.829821646213531494e-01,-3.180770576000213623e-01,2.870889604091644287e-01,-4.113270938396453857e-01,-1.324688792228698730e-01,-1.411842405796051025e-01,-4.235088452696800232e-02,-4.056687653064727783e-01,-2.964974045753479004e-01,-1.760865151882171631e-01,-4.042636454105377197e-01,-3.278149962425231934e-01,-2.262426912784576416e-01,-9.989238530397415161e-02,-2.572988271713256836e-01,-3.608663678169250488e-01,-3.408865332603454590e-01,2.928131222724914551e-01,-3.851365745067596436e-01,-5.458451807498931885e-02,3.445153832435607910e-01,2.372085005044937134e-01,3.919305801391601562e-01,-2.518112063407897949e-01,-3.254650831222534180e-01,1.857600510120391846e-01,-2.407926768064498901e-01,3.634099066257476807e-01,-1.039596721529960632e-01,-2.364033758640289307e-01,3.033455014228820801e-01,-2.853867113590240479e-01,-3.067767620086669922e-01,3.024112880229949951e-01,-2.808132469654083252e-01,2.739593088626861572e-01,-1.021164730191230774e-01,3.261097669601440430e-01,-4.785125702619552612e-02,3.451801240444183350e-01,-3.865081667900085449e-01
-3.841483294963836670e-01,1.777830719947814941e-01,3.722511231899261475e-01,-3.331437408924102783e-01,-4.125956445932388306e-02,4.038219749927520752e-01,-2.476214915513992310e-01,-9.690368175506591797e-02,-3.695083856582641602e-01,5.726039037108421326e-02,-1.655787782510742545e-04,3.842998668551445007e-02,6.545098125934600830e-02,-7.629752159118652344e-02,-1.252395659685134888e-01,2.272166311740875244e-01,1.176796406507492065e-01,3.268223255872726440e-02,8.239593356847763062e-02,2.317579537630081177e-01,-3.589659631252288818e-01,-4.387160018086433411e-02,-2.766738831996917725e-01,1.856850683689117432e-01,2.380338460206985474e-01,1.219407543540000916e-01,-2.359734475612640381e-01,-3.417267501354217529e-01,-2.456816434860229492e-01,-2.910580933094024658e-01,3.768028616905212402e-01,-3.497888445854187012e-01,-3.489294946193695068e-01,-2.288947999477386475e-01,-2.358910143375396729e-01,1.430007535964250565e-02,3.889977037906646729e-01,-3.880245089530944824e-01,7.853454910218715668e-03,3.093333728611469269e-02,3.019217252731323242e-01,3.993651568889617920e-01,-2.267040908336639404e-01,5.704077333211898804e-02,1.164419203996658325e-01,-5.606458522379398346e-03,-2.421250380575656891e-02,-2.818508148193359375e-01,3.107770383358001709e-01,3.360407650470733643e-01,3.957629203796386719e-01,-3.974825143814086914e-01,-3.462268114089965820e-01,1.420827656984329224e-01,-3.467726111412048340e-01,3.550703823566436768e-01,-2.394696027040481567e-01,2.601227909326553345e-02,-3.049616217613220215e-01,-3.195005059242248535e-01,2.969769239425659180e-01,-3.102616071701049805e-01,-3.994958996772766113e-01,-4.119328558444976807e-01,-2.424199506640434265e-02,3.257849216461181641e-01,-3.051287531852722168e-01,2.726490199565887451e-01,3.671303987503051758e-01,1.037816107273101807e-01,-2.429806292057037354e-01,-2.094987481832504272e-01,-2.232470214366912842e-01,5.007078126072883606e-02,-6.113677099347114563e-02,-1.424387213774025440e-03,-5.787995830178260803e-02,1.652248390018939972e-02,2.813734412193298340e-01,3.151175081729888916e-01,-2.938556671142578125e-01,5.075447633862495422e-02,3.249900043010711670e-01,-6.727077811956405640e-02,-8.064711838960647583e-02,-1.010550409555435181e-01,2.917297533713281155e-04,-6.221684068441390991e-02,-8.828870207071304321e-02,-7.860779762268066406e-02,-1.001321524381637573e-01,-1.472865045070648193e-01,-3.357666134834289551e-01,-4.094273149967193604e-01,-8.177165687084197998e-02,-2.204208076000213623e-01,2.883103787899017334e-01,-2.569746971130371094e-01,3.387323319911956787e-01,4.070169925689697266e-01,3.336729705333709717e-01,-1.075326874852180481e-01,-8.246174454689025879e-02,2.437437772750854492e-01,3.473253250122070312e-01,-4.050663709640502930e-01,2.579748332500457764e-01,2.866105176508426666e-02,-3.983410447835922241e-02,-2.008551657199859619e-01,3.918890058994293213e-01,-3.474183976650238037e-01,2.875747978687286377e-01,1.876500397920608521e-01,1.979035884141921997e-01,4.133674800395965576e-01,1.238956078886985779e-01,1.042992025613784790e-01,-2.428309917449951172e-01,3.730141222476959229e-01,-3.956383466720581055e-01,-3.317616879940032959e-01,-2.414713203907012939e-01,-2.859981954097747803e-01,3.555220365524291992e-02,-2.939176000654697418e-02,3.239373564720153809e-01,3.510822951793670654e-01
-9.911865741014480591e-02,1.560057699680328369e-01,1.252208203077316284e-01,2.858543097972869873e-01,3.337580561637878418e-01,-2.907542884349822998e-01,4.314515739679336548e-02,3.932157456874847412e-01,-2.793206572532653809e-01,4.280941560864448547e-02,3.301302790641784668e-01,-5.746786016970872879e-03,1.241660416126251221e-01,-2.592086791992187500e-01,-3.717224597930908203e-01,-4.394200071692466736e-02,3.066665530204772949e-01,-1.700448691844940186e-01,3.822554647922515869e-01,-3.758565783500671387e-01,-2.272614538669586182e-01,2.477848827838897705e-01,3.023772239685058594e-01,3.956380486488342285e-01,3.511216640472412109e-01,-1.100159808993339539e-01,-3.375227376818656921e-02,-3.812945485115051270e-01,-2.703702636063098907e-02,2.292135655879974365e-01,6.794179975986480713e-02,-1.899243593215942383e-01,-3.246354311704635620e-02,-3.730612993240356445e-01,-1.054404526948928833e-01,9.102872759103775024e-02,-4.182821214199066162e-01,-1.620060205459594727e-01,3.715744912624359131e-01,2.559106945991516113e-01,-1.457484215497970581e-01,-9.501327574253082275e-02,1.624530553817749023e-01,6.184515729546546936e-02,-4.024809300899505615e-01,3.689811527729034424e-01,1.983058601617813110e-01,8.585391938686370850e-02,1.142838820815086365e-01,3.890452533960342407e-02,-2.948909699916839600e-01,-2.032955139875411987e-01,2.511974871158599854e-01,3.063171505928039551e-01,-3.112040460109710693e-01,-2.136918604373931885e-01,-2.748591126874089241e-03,-2.962858676910400391e-01,2.179112136363983154e-01,2.750528156757354736e-01,-3.652544617652893066e-01,-3.454482182860374451e-02,-2.120632082223892212e-01,3.990805447101593018e-01,-2.996124625205993652e-01,-2.726999819278717041e-01,2.081470489501953125e-01,-3.835100531578063965e-01,-1.353696733713150024e-01,6.975069642066955566e-02,1.099843457341194153e-01,9.746719896793365479e-02,3.834803998470306396e-01,3.571062982082366943e-01,1.820883899927139282e-01,3.553434833884239197e-02,-3.160859346389770508e-01,7.923376560211181641e-02,3.090362846851348877e-01,2.565955221652984619e-01,3.360976576805114746e-01,5.350098758935928345e-02,-2.386827580630779266e-02,-4.670492559671401978e-02,2.857502102851867676e-01,2.025824934244155884e-01,-3.009129129350185394e-02,-1.511644870042800903e-01,-3.832781612873077393e-01,6.720755249261856079e-02,-3.430593907833099365e-01,3.257058858871459961e-01,-4.426482692360877991e-02,-2.520588040351867676e-01,6.404057145118713379e-02,-1.252965480089187622e-01,2.540940940380096436e-01,2.757028341293334961e-01,1.928698718547821045e-01,3.012723922729492188e-01,4.309273958206176758e-01,-1.558043360710144043e-01,1.855284720659255981e-01,-2.846464216709136963e-01,9.122976660728454590e-02,1.429660767316818237e-01,-2.307595312595367432e-01,-2.311146855354309082e-01,-3.547296524047851562e-01,3.520971536636352539e-01,-2.187737524509429932e-01,4.128833115100860596e-01,3.501991331577301025e-01,6.748422980308532715e-02,1.385744512081146240e-01,-6.509185582399368286e-02,-4.830876830965280533e-03,-2.052749842405319214e-01,3.289664089679718018e-01,-2.376906126737594604e-01,-2.157253324985504150e-01,-2.690005302429199219e-01,-4.062901437282562256e-01,2.719827592372894287e-01,2.748187184333801270e-01,-8.962932229042053223e-02,3.653985559940338135e-01,-1.259014904499053955e-01
2.682713568210601807e-01,1.196806039661169052e-02,-1.479284614324569702e-01,-2.299000620841979980e-01,3.575230538845062256e-01,3.858357369899749756e-01,3.687091171741485596e-02,-1.929478347301483154e-01,3.312640786170959473e-01,-4.020149409770965576e-01,-3.578592836856842041e-01,-1.510495096445083618e-01,-2.215065956115722656e-01,-3.755132853984832764e-01,1.060416623950004578e-01,-2.822705209255218506e-01,-3.248710930347442627e-01,-1.754664629697799683e-01,3.399065136909484863e-01,1.891506020911037922e-03,-5.892447382211685181e-02,-6.031967699527740479e-02,-2.546786144375801086e-02,1.861475557088851929e-01,3.536381721496582031e-01,4.900335520505905151e-02,-3.296317756175994873e-01,-3.475058376789093018e-01,1.593818813562393188e-01,-4.158155024051666260e-01,-3.941671848297119141e-01,9.604740142822265625e-02,-3.189553022384643555e-01,-5.746415257453918457e-02,1.419666409492492676e-01,-4.094706177711486816e-01,1.663212180137634277e-01,-1.360350847244262695e-01,-2.984131872653961182e-01,2.170386165380477905e-01,-2.152509838342666626e-01,-4.289584755897521973e-01,2.165089100599288940e-01,3.692411780357360840e-01,2.937497198581695557e-01,-2.845827341079711914e-01,5.174956098198890686e-02,-1.282677501440048218e-01,-2.768272161483764648e-01,1.508008390665054321e-01,-2.804715037345886230e-01,2.965030372142791748e-01,3.027091920375823975e-02,1.842531561851501465e-01,-2.706088423728942871e-01,-3.884882330894470215e-01,1.543136388063430786e-01,-3.824563920497894287e-01,-6.029647588729858398e-02,3.151675462722778320e-01,3.968466222286224365e-01,-2.531516849994659424e-01,2.205798327922821045e-01,2.529552876949310303e-01,1.235346049070358276e-01,4.915037751197814941e-02,6.670545786619186401e-02,-2.445050477981567383e-01,-3.859193623065948486e-01,-3.113470673561096191e-01,3.092208802700042725e-01,2.766703963279724121e-01,4.027443826198577881e-01,2.086270898580551147e-01,-2.329388111829757690e-01,-1.109704747796058655e-01,3.998031020164489746e-01,3.133997023105621338e-01,3.042712211608886719e-01,-3.380824029445648193e-01,3.728083074092864990e-01,-1.697412729263305664e-01,3.109472692012786865e-01,2.427773475646972656e-01,3.227207958698272705e-01,-7.282165437936782837e-02,-2.053629308938980103e-01,-4.962266981601715088e-02,9.819308295845985413e-03,-3.423218429088592529e-01,3.932265937328338623e-01,-1.553355306386947632e-01,3.888992965221405029e-01,-1.693220585584640503e-01,2.609042525291442871e-01,-2.878153026103973389e-01,-2.202744930982589722e-01,1.013203244656324387e-02,-3.005075752735137939e-01,-1.757194474339485168e-02,-1.166900023818016052e-01,3.665067851543426514e-01,2.567591667175292969e-01,-1.788033992052078247e-01,-7.197330147027969360e-02,-4.180324077606201172e-01,-1.299570593982934952e-02,-3.845850825309753418e-01,1.777000874280929565e-01,1.590473502874374390e-01,2.142550349235534668e-01,-2.215206474065780640e-01,1.669423580169677734e-01,1.305636465549468994e-01,-2.754056453704833984e-01,6.053733453154563904e-02,2.963789105415344238e-01,4.440967366099357605e-02,-3.197016119956970215e-01,-2.438339442014694214e-01,-2.091250717639923096e-01,-2.979554533958435059e-01,3.925688266754150391e-01,-2.682553827762603760e-01,1.234007999300956726e-01,-2.124242037534713745e-01,1.937561929225921631e-01,-3.215065300464630127e-01
-3.078634142875671387e-01,-1.165275573730468750e-01,-5.664279684424400330e-02,-2.407320439815521240e-01,1.515159308910369873e-01,-3.050437271595001221e-01,2.140091955661773682e-01,4.010955989360809326e-01,-2.657414674758911133e-01,3.324145078659057617e-01,2.466106116771697998e-01,-3.319616615772247314e-02,-2.977592349052429199e-01,3.168431818485260010e-01,-1.030876338481903076e-01,-4.204963147640228271e-02,3.220120668411254883e-01,1.277795881032943726e-01,1.116499155759811401e-01,-1.149052157998085022e-01,-1.263528168201446533e-01,-3.984077870845794678e-01,-3.729166090488433838e-01,-3.655261397361755371e-01,2.780331373214721680e-01,2.686251699924468994e-01,-3.195182085037231445e-01,-4.288960993289947510e-01,1.877711117267608643e-01,4.567997530102729797e-02,1.597428321838378906e-01,-3.917943239212036133e-01,2.975417301058769226e-02,3.011615276336669922e-01,-4.209577143192291260e-01,-6.948649138212203979e-02,3.110164701938629150e-01,-3.382333219051361084e-01,-2.930485270917415619e-02,-2.666529715061187744e-01,3.041431009769439697e-01,-3.576669991016387939e-01,2.530784010887145996e-01,1.032107248902320862e-01,-2.503270208835601807e-01,-1.305071413516998291e-01,-3.654993176460266113e-01,3.250213861465454102e-01,2.979613244533538818e-01,-2.066443413496017456e-01,-3.908308148384094238e-01,3.297419548034667969e-01,-3.079190850257873535e-02,-1.860752850770950317e-01,3.158447444438934326e-01,1.899876892566680908e-01,6.465560197830200195e-02,5.545352399349212646e-02,6.656553596258163452e-02,2.198597192764282227e-01,-4.597641900181770325e-02,-2.395225912332534790e-01,3.342635631561279297e-01,-2.667338550090789795e-01,-3.445644378662109375e-01,4.019913673400878906e-01,1.344987191259860992e-02,-2.720755040645599365e-01,1.554193440824747086e-02,1.401893198490142822e-01,-1.329092979431152344e-01,-2.141348123550415039e-01,-8.577954024076461792e-02,2.689248919486999512e-01,2.307796925306320190e-01,-2.213631570339202881e-01,-7.784431800246238708e-03,-1.778705716133117676e-01,-1.812352985143661499e-01,2.867701649665832520e-01,-4.108723253011703491e-02,1.788463294506072998e-01,-3.794103562831878662e-01,2.399514317512512207e-01,-2.124867588281631470e-01,-2.222632616758346558e-02,-2.771658897399902344e-01,2.825872004032135010e-01,3.818440735340118408e-01,8.671695250086486340e-04,1.417673230171203613e-01,-8.219032734632492065e-02,6.832041591405868530e-02,1.305604726076126099e-01,-2.904001176357269287e-01,-2.735423743724822998e-01,1.028327196836471558e-01,2.201965600252151489e-01,-3.665413856506347656e-01,-3.750976920127868652e-01,3.427115976810455322e-01,4.008447527885437012e-01,2.433366701006889343e-02,2.392453551292419434e-01,-3.333538770675659180e-02,-4.184177815914154053e-01,-3.720240294933319092e-01,-5.008049681782722473e-02,3.211297467350959778e-02,1.444195806980133057e-01,8.351819217205047607e-02,-1.141022890806198120e-01,-3.077120184898376465e-01,-5.825995653867721558e-02,2.818942666053771973e-01,2.359173446893692017e-01,-3.828792870044708252e-01,-3.715307116508483887e-01,-7.065021991729736328e-02,3.811338841915130615e-01,2.079065442085266113e-01,-3.365873992443084717e-01,-2.503854967653751373e-02,2.400809079408645630e-01,-4.021933972835540771e-01,2.693990617990493774e-02,-1.589380800724029541e-01,3.469240963459014893e-01
1.774255484342575073e-01,-6.707264482975006104e-02,-3.609893620014190674e-01,4.143749475479125977e-01,3.622581958770751953e-01,2.665908634662628174e-01,3.232168555259704590e-01,3.143566548824310303e-01,-8.960229344666004181e-03,2.294558733701705933e-01,-1.681890338659286499e-01,1.338771730661392212e-01,4.194486439228057861e-01,9.486021846532821655e-02,-2.523162961006164551e-01,-7.699540257453918457e-02,-8.225923776626586914e-02,2.119923010468482971e-02,-3.155357837677001953e-01,-3.641166090965270996e-01,2.184784412384033203e-01,-3.629710674285888672e-01,-3.488656282424926758e-01,1.764539927244186401e-01,-3.970828950405120850e-01,3.149242997169494629e-01,1.513368934392929077e-01,2.487269341945648193e-01,2.652339935302734375e-01,-4.539350047707557678e-02,3.111571259796619415e-02,4.283832907676696777e-01,3.202644288539886475e-01,4.146321713924407959e-01,-3.910204470157623291e-01,-2.742805480957031250e-01,-1.724026203155517578e-01,-4.080124497413635254e-01,-5.301364138722419739e-02,7.203178014606237411e-03,6.799153983592987061e-02,-3.427810966968536377e-02,1.654645353555679321e-01,-3.240434229373931885e-01,3.631085157394409180e-02,-2.489688433706760406e-02,3.885270357131958008e-01,6.282997131347656250e-02,-1.079990267753601074e-01,-3.158005177974700928e-01,3.680369853973388672e-01,-1.320737898349761963e-01,2.716044187545776367e-01,-5.210277438163757324e-02,3.931134045124053955e-01,-4.017231762409210205e-01,3.924623429775238037e-01,-3.111082911491394043e-01,-3.044420778751373291e-01,-2.352260202169418335e-01,-2.816996872425079346e-01,2.745563387870788574e-01,2.814786434173583984e-01,-7.997976988554000854e-02,-1.397266834974288940e-01,-2.079742252826690674e-01,-1.186369881033897400e-01,4.107343554496765137e-01,1.815281212329864502e-01,3.718309104442596436e-01,3.428515195846557617e-01,-1.312560439109802246e-01,-1.738270968198776245e-01,-3.324920311570167542e-02,3.935717344284057617e-01,-6.551630049943923950e-02,-3.230966925621032715e-01,4.446157440543174744e-02,-2.447733879089355469e-01,1.095290184020996094e-01,1.355586946010589600e-01,9.203847497701644897e-02,-1.757281720638275146e-01,-1.087200641632080078e-01,-4.184010922908782959e-01,5.978097766637802124e-02,-2.609321475028991699e-01,4.050402641296386719e-01,-2.558137662708759308e-02,1.396545674651861191e-02,2.038663625717163086e-01,8.633717894554138184e-02,3.077374026179313660e-02,-2.926262617111206055e-01,-2.945099472999572754e-01,3.436126410961151123e-01,3.115629963576793671e-02,-1.748657822608947754e-01,8.555855602025985718e-02,9.006352722644805908e-02,4.011621177196502686e-01,-7.505043596029281616e-02,-2.487046271562576294e-01,4.140580296516418457e-01,2.978946566581726074e-01,8.512842655181884766e-02,-3.567758202552795410e-01,1.253505498170852661e-01,-3.066460490226745605e-01,3.306861519813537598e-01,1.848882585763931274e-01,3.433104753494262695e-01,-2.905184626579284668e-01,-2.483615092933177948e-02,3.063800930976867676e-01,-2.257455885410308838e-02,1.233219206333160400e-01,2.652317881584167480e-01,-9.893655776977539062e-02,3.848589956760406494e-02,2.303376980125904083e-02,-3.508833348751068115e-01,-2.936714589595794678e-01,-2.345188558101654053e-01,-3.813209831714630127e-01,1.369232870638370514e-02,-1.537893861532211304e-01,6.988005340099334717e-02
3.628966808319091797e-01,-1.008048281073570251e-02,3.092613518238067627e-01,1.832781545817852020e-02,3.319694697856903076e-01,-1.320687308907508850e-02,2.577612698078155518e-01,2.048825621604919434e-01,-2.114470452070236206e-01,-2.158309817314147949e-01,-3.591215312480926514e-01,2.619709968566894531e-01,-3.663161024451255798e-02,3.060344457626342773e-01,-6.625679880380630493e-02,-2.859150469303131104e-01,9.530880302190780640e-02,3.731672763824462891e-01,-2.453568875789642334e-01,2.037290483713150024e-01,3.136538565158843994e-01,3.404260873794555664e-01,1.070649400353431702e-01,-7.299099862575531006e-02,6.915271282196044922e-02,2.547633647918701172e-01,2.822422683238983154e-01,-3.464829921722412109e-01,-2.830353975296020508e-01,-1.556875407695770264e-01,-1.151196360588073730e-01,-2.929466068744659424e-01,-2.613657116889953613e-01,-1.987928748130798340e-01,2.934013009071350098e-01,4.035065472126007080e-01,-3.863060474395751953e-01,3.082371950149536133e-01,-7.357165217399597168e-02,-3.626589477062225342e-01,-3.383875489234924316e-01,2.020249217748641968e-01,2.581577599048614502e-01,-3.128024041652679443e-01,3.604831695556640625e-01,3.931490480899810791e-01,2.350824475288391113e-01,3.642918765544891357e-01,-2.970786094665527344e-01,1.450926214456558228e-01,-2.759840711951255798e-02,2.533326745033264160e-01,-8.999358862638473511e-02,-1.669315099716186523e-01,3.050144612789154053e-01,-6.274614948779344559e-03,4.062295556068420410e-01,1.245706751942634583e-01,-5.614737048745155334e-02,-2.628319151699542999e-02,9.695602208375930786e-02,-2.280196845531463623e-01,3.608699738979339600e-01,5.953712388873100281e-02,2.866451144218444824e-01,3.281051218509674072e-01,2.095867693424224854e-01,3.861955404281616211e-01,-3.352735340595245361e-01,3.470688313245773315e-02,4.149421453475952148e-01,3.958548009395599365e-01,-1.602106839418411255e-01,-3.183480203151702881e-01,1.467975825071334839e-01,2.645409405231475830e-01,3.242163658142089844e-01,1.014870703220367432e-01,2.545239031314849854e-01,-2.709647715091705322e-01,9.111507982015609741e-02,2.802115976810455322e-01,2.527422308921813965e-01,-3.361953496932983398e-01,2.307950258255004883e-01,-3.761030435562133789e-01,-2.932423055171966553e-01,-2.824684232473373413e-02,5.480965599417686462e-02,-3.456226289272308350e-01,-3.005174100399017334e-01,-4.161672592163085938e-01,2.541869282722473145e-01,-6.131077185273170471e-02,2.788710594177246094e-01,-3.410291373729705811e-01,-3.611103817820549011e-02,-3.161992430686950684e-01,2.669281363487243652e-01,6.352975219488143921e-02,3.996518254280090332e-01,-3.463227674365043640e-02,-3.409748077392578125e-01,-2.612284421920776367e-01,-2.101116627454757690e-01,1.694488674402236938e-01,2.229025065898895264e-01,1.742378622293472290e-01,-7.370350509881973267e-02,-1.537358313798904419e-01,5.497741699218750000e-02,1.598038822412490845e-01,1.600218415260314941e-01,5.160791426897048950e-02,1.848216652870178223e-01,-1.976896971464157104e-01,-4.299573972821235657e-02,3.357453942298889160e-01,1.422334909439086914e-01,-5.515941232442855835e-02,3.802331387996673584e-01,-3.421151936054229736e-01,2.836705148220062256e-01,5.006756633520126343e-02,-1.793677657842636108e-01,2.725352346897125244e-01,3.147219121456146240e-01,3.534003496170043945e-01
1.130772754549980164e-01,-2.507303953170776367e-01,1.509231925010681152e-01,1.008856296539306641e-01,-1.995565742254257202e-01,2.703771293163299561e-01,-2.361257374286651611e-01,2.569363713264465332e-01,-2.126123160123825073e-01,2.358119338750839233e-01,-4.065819382667541504e-01,-3.895914852619171143e-01,1.509649753570556641e-01,3.452869355678558350e-01,3.467024564743041992e-01,-1.832954585552215576e-01,1.349416524171829224e-01,3.116351068019866943e-01,-1.844962686300277710e-01,-7.058907300233840942e-02,-3.530168533325195312e-01,-1.986663192510604858e-01,1.766446046531200409e-02,1.022175699472427368e-01,-2.400142997503280640e-01,3.024230301380157471e-01,-1.233266964554786682e-01,3.742845654487609863e-01,3.904001414775848389e-01,-3.348866105079650879e-01,-1.877537369728088379e-01,-7.148443162441253662e-02,6.300379335880279541e-02,-3.181498497724533081e-02,9.948727488517761230e-02,-1.077267304062843323e-01,1.315087676048278809e-01,-2.767761051654815674e-01,1.669481396675109863e-02,3.497689962387084961e-01,1.903061866760253906e-01,-2.283017337322235107e-02,-3.565793931484222412e-01,2.393431216478347778e-01,-2.846780419349670410e-01,-3.090029954910278320e-01,-3.600115180015563965e-01,-3.164812326431274414e-01,-3.773308396339416504e-01,5.021000280976295471e-02,-6.231383979320526123e-02,1.816592514514923096e-01,6.865561753511428833e-02,-3.653264343738555908e-01,2.235352993011474609e-01,-2.957778573036193848e-01,-8.329574018716812134e-02,6.606048345565795898e-02,1.534357666969299316e-01,3.028087876737117767e-02,-3.721420466899871826e-01,-3.366021215915679932e-01,-1.392724663019180298e-01,2.386223077774047852e-01,2.036582231521606445e-01,-2.509910762310028076e-01,3.181486129760742188e-01,-3.895955681800842285e-01,8.142557740211486816e-02,4.013098180294036865e-01,-4.184615612030029297e-01,-3.145187199115753174e-01,5.917494744062423706e-02,-2.483192682266235352e-01,-2.564755380153656006e-01,3.461691439151763916e-01,2.213283628225326538e-01,-2.249001413583755493e-01,-3.066934943199157715e-01,-1.405739225447177887e-02,-4.838625341653823853e-02,1.193785667419433594e-01,2.488604336977005005e-01,3.079903125762939453e-01,3.470404446125030518e-01,-3.056447803974151611e-01,-2.535232007503509521e-01,-3.987638652324676514e-02,5.470480769872665405e-02,4.132873713970184326e-01,-3.626606166362762451e-01,9.480895847082138062e-02,-3.543973267078399658e-01,-1.202580854296684265e-01,3.635500669479370117e-01,2.363169342279434204e-01,5.193560570478439331e-02,1.873091422021389008e-02,-3.481086492538452148e-01,-2.584722936153411865e-01,-1.747622042894363403e-01,-3.310904204845428467e-01,-2.152687013149261475e-01,-2.724948227405548096e-01,-1.529850959777832031e-01,2.347153574228286743e-01,3.788303434848785400e-01,9.482443332672119141e-02,-2.541536092758178711e-02,-1.314314641058444977e-02,-2.640082240104675293e-01,1.116053089499473572e-01,-2.997361123561859131e-01,-2.137597650289535522e-01,3.431269899010658264e-02,2.411755770444869995e-01,3.068988323211669922e-01,-3.131844401359558105e-01,3.610450029373168945e-01,-1.862574219703674316e-01,-2.747595012187957764e-01,-2.078918516635894775e-01,3.563862442970275879e-01,4.006502330303192139e-01,-5.746309831738471985e-02,9.443539381027221680e-02,3.448219299316406250e-01,-2.009653747081756592e-01
-3.380759358406066895e-01,-3.070085942745208740e-01,-4.506738111376762390e-02,3.439070284366607666e-01,2.571909129619598389e-01,-3.096094727516174316e-01,-2.453645318746566772e-01,-2.129689604043960571e-01,5.847774073481559753e-02,1.092728078365325928e-01,-9.474452584981918335e-02,1.688738167285919189e-01,3.210864365100860596e-01,3.318221569061279297e-01,-2.637735307216644287e-01,-5.064100027084350586e-02,6.128649786114692688e-02,2.396119385957717896e-01,-9.321919083595275879e-02,-5.179807078093290329e-03,1.395437587052583694e-02,-3.332883715629577637e-01,2.792949676513671875e-01,3.577561974525451660e-01,-3.784945905208587646e-01,2.685686051845550537e-01,3.826620280742645264e-01,5.505536124110221863e-02,-2.914635930210351944e-03,-6.751854717731475830e-02,-1.307756751775741577e-01,1.209562197327613831e-01,1.384374350309371948e-01,-3.646188378334045410e-01,-3.917104899883270264e-01,7.436155527830123901e-02,-4.041478782892227173e-02,1.608061194419860840e-01,-3.390153050422668457e-01,1.100914273411035538e-02,-3.301677405834197998e-01,-3.165436387062072754e-01,-3.983603417873382568e-01,-1.624654680490493774e-01,1.193438563495874405e-02,-4.410029575228691101e-02,-7.741077244281768799e-02,-1.072520688176155090e-01,3.168329298496246338e-01,1.079665645956993103e-01,-4.422777891159057617e-02,4.194454252719879150e-01,-5.512818321585655212e-02,-1.319654881954193115e-01,-1.787115335464477539e-01,-2.648554444313049316e-01,7.469391450285911560e-03,2.902497649192810059e-01,-1.679468005895614624e-01,-3.210874795913696289e-01,3.917694687843322754e-01,2.301942259073257446e-01,6.342986226081848145e-02,9.032132476568222046e-02,2.030921131372451782e-01,4.170611798763275146e-01,-2.050976604223251343e-01,-2.809691429138183594e-01,-5.686310306191444397e-02,-3.483676910400390625e-01,3.400896191596984863e-01,1.553567498922348022e-01,-2.345172464847564697e-01,3.166778385639190674e-01,-3.733502924442291260e-01,6.051903963088989258e-02,1.176708936691284180e-01,2.940995991230010986e-01,3.490562140941619873e-01,3.647612929344177246e-01,4.016731679439544678e-01,-3.553769290447235107e-01,-3.180820643901824951e-01,-1.641923338174819946e-01,-2.141841500997543335e-01,2.948155403137207031e-01,-3.120119869709014893e-01,3.224736452102661133e-01,8.418838679790496826e-02,-4.015467464923858643e-01,9.759175777435302734e-02,1.167229749262332916e-02,-3.713826239109039307e-01,1.887493878602981567e-01,-4.384854808449745178e-02,-3.302628397941589355e-01,9.454192966222763062e-02,1.660236567258834839e-01,-1.279814094305038452e-01,2.398252254351973534e-03,-4.236294031143188477e-01,-2.627388536930084229e-01,3.747616410255432129e-01,3.815889954566955566e-01,1.750121563673019409e-01,2.758637666702270508e-01,2.833170294761657715e-01,-2.938955128192901611e-01,5.937526747584342957e-02,-3.625597655773162842e-01,-3.138231039047241211e-01,-1.348066926002502441e-01,3.671022057533264160e-01,-8.771886676549911499e-02,-3.232463598251342773e-01,2.574805021286010742e-01,-1.443577837198972702e-02,-3.051227629184722900e-01,2.845703959465026855e-01,-2.430225163698196411e-01,1.785221993923187256e-01,3.594516515731811523e-01,-1.714753657579421997e-01,-3.302039504051208496e-01,3.230087161064147949e-01,-1.682807654142379761e-01,1.856862306594848633e-01,2.397052496671676636e-01
-1.023395685479044914e-03,1.847107410430908203e-01,-3.372682631015777588e-01,-1.647271513938903809e-01,-1.239924356341362000e-01,-2.746062278747558594e-01,3.208940327167510986e-01,-1.285418421030044556e-01,-3.387831449508666992e-01,2.349715977907180786e-01,2.503971159458160400e-01,-1.490223258733749390e-01,-5.607007816433906555e-02,1.578437685966491699e-01,-2.800942957401275635e-01,2.682948410511016846e-01,-2.831870019435882568e-01,-5.172960832715034485e-02,-1.951746493577957153e-01,2.935186326503753662e-01,1.992275565862655640e-01,-9.725426137447357178e-02,1.937813311815261841e-01,-2.854215502738952637e-01,-2.965165674686431885e-02,-3.067494630813598633e-01,2.606536149978637695e-01,-1.182044893503189087e-01,-3.900425136089324951e-01,2.012403160333633423e-01,-1.641793847084045410e-01,-2.062841355800628662e-01,-3.713801503181457520e-01,-3.028301894664764404e-01,-1.873973309993743896e-01,7.562758773565292358e-02,3.883057832717895508e-01,-2.022710144519805908e-01,3.867431879043579102e-01,-3.442750126123428345e-02,2.970319390296936035e-01,1.684041172266006470e-01,-3.625922277569770813e-02,-3.653360605239868164e-01,3.910419046878814697e-01,-1.868647933006286621e-01,-2.304896712303161621e-01,-8.922731131315231323e-02,-1.265965104103088379e-01,-1.805835962295532227e-02,3.279829397797584534e-02,-3.845213651657104492e-01,4.084940552711486816e-01,-3.127517700195312500e-01,-1.717387735843658447e-01,-5.875111743807792664e-02,3.057493865489959717e-01,1.981722712516784668e-01,-7.560031861066818237e-02,3.843092918395996094e-02,4.242551922798156738e-01,2.994655072689056396e-01,1.244672685861587524e-01,2.788186669349670410e-01,-2.580734491348266602e-01,-2.668054401874542236e-01,-1.029978096485137939e-01,-1.287906169891357422e-01,-2.154575288295745850e-01,-6.908886879682540894e-02,-3.085742294788360596e-01,-2.332507669925689697e-01,1.929158568382263184e-01,-1.887844409793615341e-03,2.365707159042358398e-01,4.267488718032836914e-01,4.133579730987548828e-01,3.785666823387145996e-01,-2.651492059230804443e-01,-2.435408234596252441e-01,3.376190364360809326e-01,1.132118105888366699e-01,-3.122473061084747314e-01,1.575354784727096558e-01,-1.630647927522659302e-01,-3.667162954807281494e-01,5.700603127479553223e-02,2.794733643531799316e-01,3.732823207974433899e-02,-4.114533662796020508e-01,2.580477297306060791e-01,1.938975155353546143e-01,1.931767314672470093e-01,-3.237623870372772217e-01,4.062431454658508301e-01,3.291286826133728027e-01,2.721737027168273926e-01,-6.653875112533569336e-02,2.429244518280029297e-01,3.521169424057006836e-01,-2.755258679389953613e-01,-3.246126770973205566e-01,2.987408339977264404e-01,-1.121101975440979004e-01,-7.558845728635787964e-02,1.640892326831817627e-01,-2.654796540737152100e-01,2.182287424802780151e-01,2.829127013683319092e-01,-4.064824581146240234e-01,-2.286337874829769135e-02,3.004260361194610596e-01,-3.429109454154968262e-01,1.902960985898971558e-01,-1.263519749045372009e-02,-1.683236062526702881e-01,3.761307895183563232e-01,2.436653524637222290e-01,2.691769003868103027e-01,1.781028360128402710e-01,-1.671037077903747559e-01,2.945809662342071533e-01,1.177543625235557556e-01,-5.109412223100662231e-02,8.586964011192321777e-02,-4.179295003414154053e-01,1.138707473874092102e-01,2.266840934753417969e-01
-2.286198288202285767e-01,-4.053548872470855713e-01,-6.358186900615692139e-02,-3.263301253318786621e-01,2.943438589572906494e-01,-1.694694310426712036e-01,-1.776064634323120117e-01,3.910300731658935547e-01,-6.930743902921676636e-02,1.726069599390029907e-01,-1.204190552234649658e-01,-3.333337903022766113e-01,2.412512451410293579e-01,9.962029010057449341e-02,2.964374981820583344e-02,1.383471935987472534e-01,6.763306260108947754e-02,4.009855985641479492e-01,3.266033232212066650e-01,1.542219817638397217e-01,-3.996843099594116211e-01,2.177114188671112061e-01,-6.563404947519302368e-02,1.713922619819641113e-01,2.004447579383850098e-01,-1.124377995729446411e-01,-2.150169201195240021e-02,-3.434705138206481934e-01,6.150876358151435852e-02,-3.917846679687500000e-01,2.121393084526062012e-01,-6.627102196216583252e-02,2.216085791587829590e-01,7.458301633596420288e-02,-1.415958255529403687e-01,-3.487883806228637695e-01,-1.537855565547943115e-01,7.494251430034637451e-02,1.349303424358367920e-01,2.027921974658966064e-01,1.857132762670516968e-01,3.453999459743499756e-01,-1.865816563367843628e-01,1.407129317522048950e-01,3.621040880680084229e-01,-3.237494826316833496e-01,2.115136831998825073e-01,-1.439519077539443970e-01,-3.629299625754356384e-02,-4.020742475986480713e-01,2.016256451606750488e-01,-2.611275911331176758e-01,3.532893955707550049e-01,3.008750081062316895e-01,-8.338904939591884613e-03,3.338558375835418701e-01,1.363015025854110718e-01,1.992970705032348633e-01,9.137652814388275146e-02,-3.832528591156005859e-01,-3.161742091178894043e-01,2.139928340911865234e-01,-2.859479188919067383e-01,6.606781482696533203e-02,1.008521467447280884e-01,1.230813413858413696e-01,-3.913058638572692871e-01,-2.734853625297546387e-01,3.994348943233489990e-01,-2.916684607043862343e-03,-5.018588900566101074e-02,2.983344495296478271e-01,-1.884187161922454834e-01,-3.848589360713958740e-01,3.257040306925773621e-02,3.248105347156524658e-01,3.845104277133941650e-01,-1.053584665060043335e-01,-2.753406167030334473e-01,-2.903878390789031982e-01,-8.425515145063400269e-02,-2.641365230083465576e-01,1.529636532068252563e-01,-7.694735378026962280e-02,3.950124979019165039e-02,2.325527220964431763e-01,1.924866437911987305e-01,-1.577278226613998413e-01,-4.374124854803085327e-02,3.514766991138458252e-01,-2.526401281356811523e-01,-4.171353876590728760e-01,4.080573320388793945e-01,3.161836862564086914e-01,-6.297223269939422607e-02,-3.617178499698638916e-01,4.199790954589843750e-01,2.319433838129043579e-01,5.138478428125381470e-02,3.246190845966339111e-01,-2.658141255378723145e-01,2.482946813106536865e-01,-3.396289050579071045e-01,-3.771072328090667725e-01,-3.660781085491180420e-01,-2.309647500514984131e-01,-3.852817118167877197e-01,3.710651695728302002e-01,-2.179964780807495117e-01,-2.966360449790954590e-01,2.604416608810424805e-01,-3.274636268615722656e-01,3.694850206375122070e-02,1.378767639398574829e-01,-2.456581890583038330e-01,-8.515312522649765015e-02,-1.894191801548004150e-01,-3.209601938724517822e-01,-1.535235941410064697e-01,2.847130596637725830e-01,3.257862031459808350e-01,1.691799908876419067e-01,-1.437518745660781860e-01,-3.299983739852905273e-01,2.662158012390136719e-01,-1.651974618434906006e-01,-1.322747170925140381e-01,2.314968705177307129e-01
2.152886837720870972e-01,3.300928473472595215e-01,3.234790563583374023e-01,3.488410264253616333e-02,3.094219565391540527e-01,-2.627953588962554932e-01,-3.056465089321136475e-01,-2.497590929269790649e-01,2.995806336402893066e-01,3.248638808727264404e-01,1.930557787418365479e-01,-2.115353792905807495e-01,2.347383275628089905e-02,1.138454601168632507e-01,-1.843457221984863281e-01,1.836127787828445435e-01,-3.437911868095397949e-01,-3.431561887264251709e-01,2.830751836299896240e-01,3.059379458427429199e-01,3.369344398379325867e-02,-2.207970619201660156e-01,3.866395950317382812e-01,-1.571214646100997925e-01,-3.856040835380554199e-01,-2.678606808185577393e-01,5.294891819357872009e-02,-1.221848949790000916e-01,2.804492413997650146e-01,-2.353564649820327759e-01,1.842454634606838226e-02,7.605060189962387085e-02,2.330175936222076416e-01,-1.245047748088836670e-01,2.451075166463851929e-01,2.541419565677642822e-01,-3.510755598545074463e-01,-1.559709850698709488e-02,3.370215892791748047e-01,-2.444118708372116089e-01,-3.975104391574859619e-01,-2.722445130348205566e-01,3.450461030006408691e-01,-3.087534308433532715e-01,1.348045915365219116e-01,3.179636225104331970e-02,-3.421210050582885742e-01,-9.277787059545516968e-02,-3.131552040576934814e-01,9.100685268640518188e-02,-2.870774865150451660e-01,-2.528169155120849609e-01,-3.996402919292449951e-01,-4.190847277641296387e-01,-1.749470829963684082e-03,-2.032518982887268066e-01,-3.033230900764465332e-01,2.317749708890914917e-01,-4.460504651069641113e-02,-1.328005194664001465e-01,-1.035514175891876221e-01,4.136613309383392334e-01,-5.158039554953575134e-02,4.114555194973945618e-02,2.281545251607894897e-01,2.179318368434906006e-01,-2.871901988983154297e-01,3.147777020931243896e-01,3.337230384349822998e-01,3.506397008895874023e-01,-2.442191913723945618e-02,3.738002479076385498e-01,-3.138809204101562500e-01,-3.538182973861694336e-01,-1.192190274596214294e-01,2.135207876563072205e-02,-3.588463366031646729e-01,-4.632974416017532349e-02,2.164993062615394592e-02,-1.285778284072875977e-01,1.880133301019668579e-01,-1.647271960973739624e-01,-3.890067636966705322e-01,-2.468680888414382935e-01,2.881202399730682373e-01,7.660638075321912766e-03,-1.475742459297180176e-01,-3.413157463073730469e-01,-2.861391901969909668e-01,-9.837935119867324829e-02,-7.019630819559097290e-02,-3.648313581943511963e-01,-2.092873910441994667e-03,-4.174093604087829590e-01,2.213306277990341187e-01,-3.807088136672973633e-01,2.381796687841415405e-01,-1.373148709535598755e-01,3.172782361507415771e-01,-2.630248963832855225e-01,9.944685548543930054e-02,3.235006630420684814e-01,3.948180973529815674e-01,3.526074811816215515e-02,-1.232503354549407959e-01,2.334543764591217041e-01,-2.344336211681365967e-01,-3.492307066917419434e-01,-3.988235592842102051e-01,-3.993814885616302490e-01,-3.747145235538482666e-01,3.873391449451446533e-02,-2.563694305717945099e-02,-4.028668627142906189e-02,2.491931319236755371e-01,3.482330143451690674e-01,-2.237599343061447144e-02,2.525810897350311279e-01,1.866747438907623291e-01,4.213130101561546326e-02,2.852312754839658737e-03,2.397128641605377197e-01,4.285067021846771240e-01,-8.610930293798446655e-03,-4.179523587226867676e-01,1.976218968629837036e-01,-2.370962798595428467e-01,-2.238327562808990479e-01
-3.600894212722778320e-01,-3.371213674545288086e-01,1.739517413079738617e-02,-3.081868290901184082e-01,-1.233102679252624512e-01,2.966952025890350342e-01,-4.401714727282524109e-02,-1.879930347204208374e-01,3.554891347885131836e-01,-3.354220986366271973e-01,2.775543332099914551e-01,2.115670144557952881e-01,3.102744519710540771e-01,3.317092657089233398e-01,2.847835719585418701e-01,-1.430002003908157349e-01,-2.030085921287536621e-01,-9.438676387071609497e-02,7.622322998940944672e-03,-2.999413609504699707e-01,-4.298248291015625000e-01,1.642494276165962219e-02,-1.742646545171737671e-01,-1.710343807935714722e-01,-2.069228738546371460e-01,1.363303512334823608e-01,4.227106273174285889e-01,3.205502927303314209e-01,-2.361784428358078003e-01,3.479449450969696045e-01,2.810989022254943848e-01,2.433029115200042725e-01,-3.112911991775035858e-02,8.903806656599044800e-02,-4.260704219341278076e-01,3.631114363670349121e-01,2.223097085952758789e-01,2.032445371150970459e-01,1.871719211339950562e-01,2.717779874801635742e-01,3.336805105209350586e-01,3.924262896180152893e-02,-4.699325188994407654e-02,1.328977174125611782e-03,1.722637712955474854e-01,-1.753022372722625732e-01,2.817344069480895996e-01,-3.477270603179931641e-01,-2.493304610252380371e-01,-1.389165371656417847e-01,-2.355305701494216919e-01,2.605860829353332520e-01,-1.306004226207733154e-01,5.224049091339111328e-02,-4.195884466171264648e-01,1.090846396982669830e-02,7.442351430654525757e-02,-3.278573602437973022e-02,3.873665630817413330e-01,3.102910891175270081e-02,1.342478580772876740e-02,-1.708052456378936768e-01,3.147025108337402344e-01,1.779751181602478027e-01,1.923209130764007568e-01,-1.457810401916503906e-01,3.880377411842346191e-01,-3.405514359474182129e-01,-2.607084512710571289e-01,-2.398687303066253662e-01,1.494628190994262695e-01,-3.080677688121795654e-01,-3.921607732772827148e-01,-2.051184177398681641e-01,1.648586094379425049e-01,4.043436646461486816e-01,-2.336136698722839355e-01,3.716144561767578125e-01,1.015791073441505432e-01,3.060347167775034904e-03,-2.929257154464721680e-01,1.676444113254547119e-01,-2.109255939722061157e-01,-2.355683892965316772e-01,-9.603758901357650757e-02,3.929532468318939209e-01,-1.217998340725898743e-01,-8.145903050899505615e-02,3.319728076457977295e-01,2.758563756942749023e-01,3.236412107944488525e-01,2.623009383678436279e-01,3.568625152111053467e-01,-4.051936268806457520e-01,-1.235294938087463379e-01,1.731142550706863403e-01,-2.642344534397125244e-01,1.265383660793304443e-01,3.563919961452484131e-01,4.019929468631744385e-01,-3.973944485187530518e-01,3.354059755802154541e-01,5.939492210745811462e-02,-1.553175002336502075e-01,1.835013329982757568e-01,4.951694235205650330e-02,2.385153025388717651e-01,1.745663583278656006e-01,1.327286660671234131e-01,2.728083729743957520e-01,-8.447448909282684326e-02,-2.348103970289230347e-01,1.981991380453109741e-01,2.892808020114898682e-01,-3.511770069599151611e-01,2.875519096851348877e-01,-4.444712027907371521e-02,2.314586043357849121e-01,-2.417049407958984375e-01,3.191228583455085754e-02,-3.698575198650360107e-01,-1.143597587943077087e-01,-3.134683966636657715e-01,1.151886805891990662e-01,-1.015304476022720337e-01,-1.711986511945724487e-01,-4.221635758876800537e-01,-2.465868890285491943e-01
3.062124848365783691e-01,1.403556913137435913e-01,4.260222315788269043e-01,2.221339046955108643e-01,5.779474601149559021e-02,1.253677159547805786e-01,3.470196127891540527e-01,-1.846045255661010742e-01,3.979316353797912598e-01,-1.733694821596145630e-01,-9.801893681287765503e-02,3.413157761096954346e-01,-3.202906250953674316e-02,-2.301213741302490234e-01,-9.351845830678939819e-02,-3.827754557132720947e-01,-3.679132759571075439e-01,-2.509716749191284180e-01,-2.487207800149917603e-01,2.583046257495880127e-01,3.566736876964569092e-01,3.375552892684936523e-01,-1.584054976701736450e-01,-8.372845500707626343e-02,-1.041726022958755493e-01,2.897790074348449707e-01,-2.135521173477172852e-01,-4.525700509548187256e-01,-3.218103647232055664e-01,-3.394361734390258789e-01,-2.983617186546325684e-01,-5.633403360843658447e-02,-3.491453528404235840e-01,9.400634467601776123e-02,1.847447007894515991e-01,4.877196997404098511e-02,2.185888290405273438e-01,-2.547871768474578857e-01,-2.815722525119781494e-01,-3.751338124275207520e-01,-3.797224909067153931e-02,-1.746318675577640533e-02,-3.016652166843414307e-01,-3.375419676303863525e-01,1.602658629417419434e-01,2.159653007984161377e-01,-3.098801970481872559e-01,-1.194827258586883545e-01,-3.912704288959503174e-01,-4.057990014553070068e-01,4.332944378256797791e-02,2.292674966156482697e-02,-1.927735358476638794e-01,-3.072535395622253418e-01,-2.847404181957244873e-01,-4.178811609745025635e-01,-1.504674106836318970e-01,-2.774674892425537109e-01,1.671159267425537109e-01,-2.885389924049377441e-01,-9.248627722263336182e-02,-6.631030142307281494e-02,1.587124019861221313e-01,-2.509360909461975098e-01,-2.470598816871643066e-01,2.206099778413772583e-01,-3.730801939964294434e-01,4.146219193935394287e-01,-3.174715638160705566e-01,3.313813507556915283e-01,8.137790858745574951e-02,2.262781411409378052e-01,3.038450181484222412e-01,-1.940336823463439941e-01,3.313734233379364014e-01,-3.826838731765747070e-01,-1.174957025796175003e-02,-2.683632075786590576e-01,3.337241113185882568e-01,1.244827806949615479e-01,-1.766902357339859009e-01,-2.320912331342697144e-01,-7.380779087543487549e-02,3.082292675971984863e-01,-3.186556100845336914e-01,-7.831165194511413574e-02,-3.320295214653015137e-01,6.168745923787355423e-03,2.723638117313385010e-01,3.500171899795532227e-01,2.209132760763168335e-01,3.140821456909179688e-01,-4.111682772636413574e-01,3.213253244757652283e-02,-1.900059133768081665e-01,2.874099314212799072e-01,-2.605836987495422363e-01,-2.782636284828186035e-01,1.282092928886413574e-01,-5.119022447615861893e-03,-1.380577385425567627e-01,-2.448107898235321045e-01,-9.429972618818283081e-03,-1.953495889902114868e-01,-4.030565917491912842e-01,-2.291667908430099487e-01,-2.882914151996374130e-03,4.097518324851989746e-01,-3.620615303516387939e-01,-5.678033828735351562e-02,2.249088883399963379e-02,-7.903451472520828247e-02,-2.954779565334320068e-01,-1.800704598426818848e-01,-1.648635864257812500e-01,1.173953264951705933e-01,-1.943219304084777832e-01,-1.078244671225547791e-01,3.150768280029296875e-01,-2.643300890922546387e-01,1.353235635906457901e-02,2.827191948890686035e-01,-2.290936559438705444e-01,2.652577757835388184e-01,-8.542237430810928345e-02,6.548875570297241211e-02,2.014376670122146606e-01,7.445858418941497803e-02
-3.719507455825805664e-01,-3.814969360828399658e-01,2.247246056795120239e-01,-1.701874881982803345e-01,-2.915350496768951416e-01,3.184472322463989258e-01,-2.489494681358337402e-01,8.099613338708877563e-02,4.154114723205566406e-01,5.883986502885818481e-02,-3.411731421947479248e-01,-1.397848576307296753e-01,-2.347292602062225342e-01,-3.251864314079284668e-01,-2.406415343284606934e-01,1.956780105829238892e-01,3.198658823966979980e-01,2.031042054295539856e-02,3.803751170635223389e-01,-1.816333085298538208e-01,-2.508038580417633057e-01,2.811514139175415039e-01,1.816186457872390747e-01,-2.535055279731750488e-01,2.914744913578033447e-01,-3.994577825069427490e-01,-1.027639433741569519e-01,2.187748551368713379e-01,-2.893458902835845947e-01,-1.570182740688323975e-01,-2.981873750686645508e-01,2.866243124008178711e-01,-2.080580592155456543e-01,5.633726716041564941e-02,1.148405671119689941e-01,2.702536582946777344e-01,-2.058736421167850494e-02,2.451141178607940674e-01,2.017689049243927002e-01,-9.800041466951370239e-02,3.087190091609954834e-01,-3.644202053546905518e-01,-2.041002362966537476e-02,2.638497203588485718e-02,1.950658261775970459e-01,1.727023869752883911e-01,-3.046596944332122803e-01,-1.592465639114379883e-01,3.006823062896728516e-01,9.578749537467956543e-02,3.421318531036376953e-01,-3.922754898667335510e-02,-2.883209586143493652e-01,-3.535535633563995361e-01,-3.400327563285827637e-01,9.506942331790924072e-02,-8.023303002119064331e-02,2.862819731235504150e-01,1.128637194633483887e-01,-3.850079178810119629e-01,2.266256660223007202e-01,1.623785346746444702e-01,3.099121749401092529e-01,-3.905131220817565918e-01,-2.900483608245849609e-01,-1.465066224336624146e-01,3.365628123283386230e-01,-7.479698956012725830e-02,1.374959573149681091e-02,1.342590004205703735e-01,-3.233025223016738892e-02,3.701255023479461670e-01,1.656577140092849731e-01,-1.490570604801177979e-02,2.582333981990814209e-01,2.780359387397766113e-01,1.565349996089935303e-01,-7.517772167921066284e-02,2.209067940711975098e-01,4.364189505577087402e-02,-2.469748556613922119e-01,-2.254939824342727661e-01,3.760954439640045166e-01,2.980955839157104492e-01,1.713333092629909515e-02,2.261225283145904541e-01,-5.853314325213432312e-02,8.598330616950988770e-02,2.569325566291809082e-01,1.242448985576629639e-01,-1.669631600379943848e-01,-2.134154438972473145e-01,-1.963381469249725342e-01,9.180391579866409302e-02,1.736133247613906860e-01,-4.022255912423133850e-02,2.646116726100444794e-02,-4.033576846122741699e-01,-9.388266503810882568e-02,-2.956442907452583313e-02,-4.168333709239959717e-01,1.181425899267196655e-01,-3.897007405757904053e-01,1.874392926692962646e-01,2.865801155567169189e-01,1.028576940298080444e-01,3.954237103462219238e-01,-3.260566890239715576e-01,1.693563908338546753e-01,1.922907680273056030e-02,-2.754617929458618164e-01,4.136828482151031494e-01,3.933221101760864258e-01,2.262316942214965820e-01,-1.308398246765136719e-01,-3.911303877830505371e-01,3.847745060920715332e-01,-2.726019024848937988e-01,-2.745036482810974121e-01,-3.469781875610351562e-01,2.656476758420467377e-02,3.346313238143920898e-01,3.628857433795928955e-01,2.309483438730239868e-01,-8.311484754085540771e-02,3.124500811100006104e-01,2.553032338619232178e-01,-1.676758229732513428e-01
-2.614145874977111816e-01,-2.084828466176986694e-01,3.993830084800720215e-01,3.263821005821228027e-01,1.065309420228004456e-01,-2.226905673742294312e-01,-2.798735499382019043e-01,-2.582615911960601807e-01,3.574870824813842773e-01,-7.856490463018417358e-02,4.050939902663230896e-02,2.454102635383605957e-01,-2.351603358983993530e-01,-8.513984084129333496e-02,-1.593790352344512939e-01,-1.871283799409866333e-01,-4.443524405360221863e-02,4.741523042321205139e-02,2.303650379180908203e-01,-4.425474107265472412e-01,1.511789858341217041e-01,3.494950532913208008e-01,1.136235520243644714e-01,2.624671757221221924e-01,3.610970377922058105e-01,-1.590756624937057495e-01,3.774361908435821533e-01,3.536354303359985352e-01,-4.116333425045013428e-01,-1.792348921298980713e-01,-7.454014569520950317e-02,-3.132228553295135498e-01,1.067858636379241943e-01,1.865706294775009155e-01,2.799194455146789551e-01,3.587280809879302979e-01,-1.669405773282051086e-02,3.764556348323822021e-02,4.491369053721427917e-02,-4.216430485248565674e-01,-4.441794753074645996e-01,1.623363234102725983e-02,-2.187302857637405396e-01,6.332984566688537598e-02,-1.075575724244117737e-01,1.286483407020568848e-01,3.582144081592559814e-01,1.607051044702529907e-01,-7.588772475719451904e-02,2.851003594696521759e-02,1.953099370002746582e-01,-3.853174448013305664e-01,6.108611077070236206e-02,-1.755239665508270264e-01,-2.909609377384185791e-01,-1.246600002050399780e-01,-3.793987259268760681e-02,1.019712314009666443e-01,-3.423715531826019287e-01,1.588098704814910889e-01,3.516476750373840332e-01,-3.878688514232635498e-01,-2.807749509811401367e-01,2.966942787170410156e-01,4.249679446220397949e-01,2.112652920186519623e-02,-4.038583859801292419e-02,-1.229587610396265518e-06,-2.914204895496368408e-01,6.911262869834899902e-02,-4.162589907646179199e-01,3.283379673957824707e-01,9.277140349149703979e-02,-8.618204295635223389e-02,-1.005406901240348816e-01,4.163727164268493652e-01,9.613712877035140991e-02,-1.050992980599403381e-01,6.056593731045722961e-02,2.554525993764400482e-02,-1.408413946628570557e-01,1.493083965033292770e-02,2.061256915330886841e-01,3.697977215051651001e-02,-1.767275184392929077e-01,-3.000726997852325439e-01,3.351222276687622070e-01,2.344237864017486572e-01,3.415701687335968018e-01,-1.034613922238349915e-01,7.224438339471817017e-02,3.220274448394775391e-01,-3.058632910251617432e-01,-4.036880731582641602e-01,-7.358227670192718506e-02,9.089440107345581055e-02,-2.533905208110809326e-01,1.671488732099533081e-01,5.057837814092636108e-02,-2.752203643321990967e-01,1.674784272909164429e-01,-2.848742604255676270e-01,3.624548912048339844e-01,2.652429938316345215e-01,-7.934392243623733521e-02,-3.990062773227691650e-01,2.378578633069992065e-01,3.267246186733245850e-01,-1.469329148530960083e-01,3.473697602748870850e-01,1.261776834726333618e-01,2.735446989536285400e-01,2.947946190834045410e-01,3.630471229553222656e-01,-2.646141052246093750e-01,-1.853887736797332764e-01,3.125731945037841797e-01,-2.505739592015743256e-02,2.574524879455566406e-01,1.436315178871154785e-01,-3.813387453556060791e-01,2.833305001258850098e-01,3.068844974040985107e-01,1.375159341841936111e-02,3.087727427482604980e-01,1.175116896629333496e-01,-1.391146332025527954e-01,3.303284347057342529e-01
8.393112570047378540e-02,9.657158702611923218e-02,-3.985910117626190186e-01,-2.077447921037673950e-01,-4.735501855611801147e-02,-3.188030123710632324e-01,-1.624944806098937988e-01,-3.052573502063751221e-01,2.466757595539093018e-01,6.688149273395538330e-02,-8.995796740055084229e-02,3.785097002983093262e-01,-2.442263960838317871e-01,3.415780663490295410e-01,2.845962941646575928e-01,1.336661130189895630e-01,-3.579586446285247803e-01,4.003603160381317139e-01,-2.696008682250976562e-01,3.651944100856781006e-01,3.581802248954772949e-01,-1.951991468667984009e-01,-4.045933187007904053e-01,-2.062272131443023682e-01,-2.607888579368591309e-01,2.579966187477111816e-01,-3.122763335704803467e-01,5.168393999338150024e-02,-3.827018737792968750e-01,-2.793551087379455566e-01,2.551847994327545166e-01,1.808978319168090820e-01,3.960007131099700928e-01,9.167852113023400307e-04,-4.048887193202972412e-01,2.065385878086090088e-02,3.044231534004211426e-01,3.657424151897430420e-01,-1.588045507669448853e-01,-2.797088027000427246e-01,-6.477431207895278931e-02,-1.746209561824798584e-01,3.017727136611938477e-01,-3.392423987388610840e-01,-2.317911535501480103e-01,1.671516597270965576e-01,4.066357612609863281e-01,-3.099743127822875977e-01,4.189188182353973389e-01,-3.786595761775970459e-01,8.540607988834381104e-02,-1.725058406591415405e-01,3.990992009639739990e-01,-3.645955920219421387e-01,-6.493660155683755875e-03,-2.091971039772033691e-02,1.072183549404144287e-01,-9.537170827388763428e-02,-3.800429403781890869e-01,2.691642940044403076e-01,-1.918808072805404663e-01,-1.935904175043106079e-01,2.771109640598297119e-01,3.067424893379211426e-01,-4.085348919034004211e-02,-2.304108887910842896e-01,1.334855854511260986e-01,-9.042382240295410156e-02,3.186759352684020996e-02,4.356484711170196533e-01,3.645098581910133362e-02,3.531690835952758789e-01,-2.963414788246154785e-01,-2.771798074245452881e-01,-3.570006787776947021e-01,5.553174763917922974e-02,-4.207411408424377441e-01,-5.113372206687927246e-02,2.738472260534763336e-02,-1.557428836822509766e-01,-4.401036500930786133e-01,-4.114657640457153320e-01,-2.024910151958465576e-01,-3.068610429763793945e-01,3.292414247989654541e-01,3.045662939548492432e-01,-8.485268801450729370e-02,-2.927867695689201355e-02,3.528625965118408203e-01,1.835530102252960205e-01,-3.380138576030731201e-01,-1.283936202526092529e-03,1.752878427505493164e-01,3.286559581756591797e-01,2.977604568004608154e-01,-3.081071972846984863e-01,-4.110755026340484619e-01,3.071213364601135254e-01,-3.529040217399597168e-01,7.112394087016582489e-03,2.661832273006439209e-01,-3.413774967193603516e-01,-1.296368334442377090e-02,-8.430843800306320190e-02,-8.609881252050399780e-02,2.224882245063781738e-01,2.359020113945007324e-01,-4.147087931632995605e-01,2.414171993732452393e-01,-8.088172972202301025e-02,6.448914110660552979e-02,-1.495267152786254883e-01,2.233630567789077759e-01,3.866935893893241882e-02,-2.828468978404998779e-01,1.105048358440399170e-01,-3.120047748088836670e-01,1.443159580230712891e-01,-1.553452461957931519e-01,-2.026564478874206543e-01,-3.101319074630737305e-03,3.909259438514709473e-01,4.440779983997344971e-02,5.783116817474365234e-02,4.724893718957901001e-02,-1.077714785933494568e-01,3.469759225845336914e-02,-1.044785138219594955e-03
-1.394332349300384521e-01,9.112432599067687988e-02,-2.752391993999481201e-01,-2.604014575481414795e-01,-3.562062382698059082e-01,-2.107104212045669556e-01,1.323628127574920654e-01,-3.972202837467193604e-01,-1.643780469894409180e-01,3.045189678668975830e-01,3.180373609066009521e-01,1.373798102140426636e-01,-3.068965673446655273e-01,-6.417611241340637207e-02,7.155131548643112183e-02,2.438818514347076416e-01,2.900449633598327637e-01,4.474233463406562805e-02,2.112443298101425171e-01,1.486652530729770660e-02,6.703366339206695557e-02,3.511184155941009521e-01,2.268918901681900024e-01,-1.525328904390335083e-01,-3.833099305629730225e-01,-3.653528988361358643e-01,2.210878282785415649e-01,2.958202958106994629e-01,4.226988255977630615e-01,-5.905254185199737549e-02,3.084771037101745605e-01,-2.272510379552841187e-01,2.697009742259979248e-01,-2.834524214267730713e-01,2.794851958751678467e-01,-3.241720199584960938e-01,-2.217811048030853271e-01,3.234722316265106201e-01,2.866833209991455078e-01,1.044597402215003967e-01,4.651724174618721008e-02,7.816834002733230591e-02,7.460806984454393387e-03,1.783988922834396362e-01,2.599831521511077881e-01,-1.981484144926071167e-01,-3.078718781471252441e-01,2.819244861602783203e-01,-2.139178216457366943e-01,2.084950804710388184e-01,2.669991850852966309e-01,1.603453755378723145e-01,-2.729522585868835449e-01,-7.452603429555892944e-02,-2.752555534243583679e-03,-3.435511142015457153e-02,-1.537395715713500977e-01,-4.057276248931884766e-01,-3.495438098907470703e-01,1.611660569906234741e-01,2.745825052261352539e-01,8.465977013111114502e-02,1.798168756067752838e-02,-3.574710190296173096e-01,3.934014737606048584e-01,-1.016238629817962646e-01,-3.684699535369873047e-01,-3.458938300609588623e-01,-1.077410578727722168e-01,-1.695178449153900146e-01,-1.050274353474378586e-02,1.497498899698257446e-01,1.092486903071403503e-01,-3.986437618732452393e-01,-4.032870531082153320e-01,-3.736510574817657471e-01,-3.117475509643554688e-01,2.216580510139465332e-01,-3.096825182437896729e-01,1.929268389940261841e-01,1.151458024978637695e-01,4.124358296394348145e-01,-1.481124311685562134e-01,4.074519276618957520e-01,-5.367212742567062378e-02,-1.872870624065399170e-01,2.462017834186553955e-01,2.412217669188976288e-02,2.116891443729400635e-01,6.356575340032577515e-02,2.942128777503967285e-01,4.070098996162414551e-01,2.472715824842453003e-01,2.380431592464447021e-01,7.120703905820846558e-02,3.202842473983764648e-01,-3.290229439735412598e-01,-2.070586681365966797e-01,-2.977393567562103271e-01,3.821497857570648193e-01,-2.279701530933380127e-01,2.094500362873077393e-01,1.035920926369726658e-03,-2.681425511837005615e-01,1.994113624095916748e-01,2.432750761508941650e-01,-3.222899734973907471e-01,-1.401833593845367432e-01,3.905416727066040039e-01,3.119507133960723877e-01,-2.343958020210266113e-01,3.468922972679138184e-01,-3.331802412867546082e-02,1.080835461616516113e-01,-7.873835042119026184e-03,-3.706861138343811035e-01,-2.891985177993774414e-01,2.697204649448394775e-01,-6.425968557596206665e-02,-4.120875597000122070e-01,3.890402913093566895e-01,-3.909925520420074463e-01,3.577410578727722168e-01,3.388064801692962646e-01,2.630044817924499512e-01,1.804807335138320923e-01,3.411223292350769043e-01,-2.841902375221252441e-01
